name,slug,description_text,category_slug,category_name,product_type_slug,product_type_name,collections,attributes,rating,tax_class,weight,price,image_url,brand,capacity,weight_attr
Half Dome 2 Tent with Footprint,half-dome-2-tent-with-footprint,"Half Dome 2 Tent with Footprint — great for Camping, Backpacking.",tent,Tent,tents,Tents,"camping,backpacking",best-for:camping|backpacking;persons:2;brand:half,4.7,standard,2.5,299.0,https://www.rei.com/media/09ae9844-d7cf-4450-8a5c-d49b58e3ac23?size=2000,half,,
Radiant 20 Sleeping Bag,radiant-20-sleeping-bag,"Radiant 20 Sleeping Bag — great for Camping, Backpacking.",sleeping-gear,Sleeping Gear,sleeping-bags,Sleeping Bags,"camping,backpacking",best-for:camping|backpacking;temp-rating:20;brand:radiant,4.7,standard,1.2,199.0,https://www.rei.com/media/e869f452-fda8-41a2-9451-9f876f1c379c?size=2000,radiant,,
Atmos AG 50 Pack - Men's,atmos-ag-50-pack-men-s,"Atmos AG 50 Pack - Men's — great for Camping, Backpacking.",backpacks,Backpacks,backpacks,Backpacks,"camping,backpacking",best-for:camping|backpacking;gender:mens;brand:atmos;capacity:50-person,4.6,standard,1.5,315.0,https://www.rei.com/media/f0c2dba1-486b-4cae-b140-345b0a5a2519?size=2000,atmos,50-person,
Flash 1.0 L Fast Boil System,flash-1-0-l-fast-boil-system,"Flash 1.0 L Fast Boil System — great for Camping, Backpacking.",camp-kitchen,Camp Kitchen,camp-kitchen,Camp Kitchen,"camping,backpacking",best-for:camping|backpacking;volume-l:1.0;brand:flash;capacity:0l,4.9,standard,0.8,97.39,https://www.rei.com/media/9686371a-4647-401e-b2ea-c14b4f492042?size=2000,flash,0l,
Xcursion 1-Burner Butane Grill,xcursion-1-burner-butane-grill,Xcursion 1-Burner Butane Grill — great for Camping.,camp-kitchen,Camp Kitchen,camp-kitchen,Camp Kitchen,camping,best-for:camping;burners:1;brand:xcursion,0.0,standard,0.8,150.0,https://www.rei.com/media/5595fe2a-3ff1-4e3e-ac1b-cee6ff6efe8f?size=2000,xcursion,,
Wide-Mouth Vacuum Water Bottle with Flex Straw Cap - 32 fl. oz.,wide-mouth-vacuum-water-bottle-with-flex-straw-cap-32-fl-oz,"Wide-Mouth Vacuum Water Bottle with Flex Straw Cap - 32 fl. oz. — great for Camping, Multisport.",camp-hydration,Camp Hydration,camp-hydration,Camp Hydration,"camping,multisport",best-for:camping|multisport;brand:wide-mouth,4.4,standard,1.0,44.95,https://www.rei.com/media/78fa8347-44b4-4656-a0d2-00d1cf266872?size=2000,wide-mouth,,
Rambler Tumbler with MagSlider Lid - 20 fl. oz.,rambler-tumbler-with-magslider-lid-20-fl-oz,"Rambler Tumbler with MagSlider Lid - 20 fl. oz. — great for Camping, Camping

Casual.",camp-hydration,Camp Hydration,camp-hydration,Camp Hydration,"camping,camping-casual",best-for:camping|camping-casual;brand:rambler,4.7,standard,1.0,35.0,https://www.rei.com/media/51cb0e1d-d332-45bd-9d96-b462fc6a6f9b?size=2000,rambler,,
Trailhead Camp Chair,trailhead-camp-chair,Trailhead Camp Chair — great for Camping.,camp-furniture,Camp Furniture,camp-furniture,Camp Furniture,camping,best-for:camping;brand:trailhead,4.7,standard,1.0,300.0,https://www.rei.com/media/6bbbfeba-eb34-44d3-98ed-17883e983183?size=2000,trailhead,,
Campwell Folding Cot,campwell-folding-cot,Campwell Folding Cot — great for Camping.,camp-furniture,Camp Furniture,camp-furniture,Camp Furniture,camping,best-for:camping;brand:campwell,4.3,standard,1.0,99.95,https://www.rei.com/media/1df33adf-6c4b-4659-94e1-fce68d89b937?size=2000,campwell,,
Trail Hound 30 ft. Camping Light,trail-hound-30-ft-camping-light,Trail Hound 30 ft. Camping Light — great for Camping.,lighting,Lighting,lighting,Lighting,camping,best-for:camping;brand:trail,3.5,standard,1.0,24.95,https://www.rei.com/media/0d9b3e56-8005-4d4d-aeac-63f997c0dd62?size=2000,trail,,
Solar String Area Light with Phone Charger,solar-string-area-light-with-phone-charger,"Solar String Area Light with Phone Charger — great for Camping, Casual.",lighting,Lighting,lighting,Lighting,"camping,casual",best-for:camping|casual;brand:solar,4.8,standard,1.0,54.95,https://www.rei.com/media/806dad12-be78-49c6-bdcd-aa3c21e5b812?size=2000,solar,,
Zoom Tube 8 x 32 Monocular Telescope,zoom-tube-8-x-32-monocular-telescope,"Zoom Tube 8 x 32 Monocular Telescope — great for Camping, Wildlife Viewing camping.",gadgets-and-gears,Gadgets and Gears,gadgets-and-gears,Gadgets And Gears,"camping,wildlife-viewing-camping",best-for:camping|wildlife-viewing-camping;brand:zoom,4.5,standard,1.0,75.0,https://www.rei.com/media/8cccf1b8-0320-4bba-950c-8ba4a799a3ed?size=2000,zoom,,
Nocs Provisions x Bird Collective Pro Issue 10 x 42 Binoculars,nocs-provisions-x-bird-collective-pro-issue-10-x-42-binoculars,"Nocs Provisions x Bird Collective Pro Issue 10 x 42 Binoculars — great for Camping, Wildlife Viewing
Birding.",gadgets-and-gears,Gadgets and Gears,gadgets-and-gears,Gadgets And Gears,"camping,wildlife-viewing-birding",best-for:camping|wildlife-viewing-birding;brand:nocs,0.0,standard,1.0,295.0,https://www.rei.com/media/a5517f04-fe3e-4b88-b5f3-f37ed9fd66b2?size=2000,nocs,,
Sahara Shade Hoodie - Men's,sahara-shade-hoodie-men-s,"Sahara Shade Hoodie - Men's — great for camping, Watersports Hiking.",hiking-clothing,Hiking Clothing,hiking-clothing,Hiking Clothing,"camping,watersports-hiking",best-for:camping|watersports-hiking;gender:mens;brand:sahara,4.6,standard,1.0,49.95,https://www.rei.com/media/c6f28ef0-6894-4ca3-8ebf-9ac3164adec9?size=2000,sahara,,
Sahara Convertible Pants - Men's,sahara-convertible-pants-men-s,"Sahara Convertible Pants - Men's — great for Camping, Hiking.",hiking-clothing,Hiking Clothing,hiking-clothing,Hiking Clothing,"camping,hiking",best-for:camping|hiking;gender:mens;brand:sahara,4.2,standard,1.0,89.95,https://www.rei.com/media/84ccd05f-22b3-4c37-bc1f-e19084673403?size=2000,sahara,,
Moab Speed 2 Mid GTX Hiking Boots - Men's,moab-speed-2-mid-gtx-hiking-boots-men-s,"Moab Speed 2 Mid GTX Hiking Boots - Men's — great for Camping, Hiking.",hiking-footwear,Hiking Footwear,hiking-footwear,Hiking Footwear,"camping,hiking",best-for:camping|hiking;gender:mens;brand:moab,4.7,standard,1.0,180.0,https://www.rei.com/media/639e5514-abf5-4d94-986a-5a791cf9f20b?size=2000,moab,,
Renegade Evo GTX Mid Hiking Boots - Men's,renegade-evo-gtx-mid-hiking-boots-men-s,"Renegade Evo GTX Mid Hiking Boots - Men's — great for Camping, Hiking.",hiking-footwear,Hiking Footwear,hiking-footwear,Hiking Footwear,"camping,hiking",best-for:camping|hiking;gender:mens;brand:renegade,4.0,standard,1.0,265.0,https://www.rei.com/media/7033f0f1-706e-4010-9fb4-52c6488d1f30?size=2000,renegade,,
inReach Mini 2,inreach-mini-2,"inReach Mini 2 — great for Camping, Multisport Emergency Preparedness.",health-and-safety,Health and Safety,health-and-safety,Health And Safety,"camping,multisport-emergency-preparedness",best-for:camping|multisport-emergency-preparedness,4.4,standard,1.0,400.0,https://www.rei.com/media/186f6c7b-03e1-41f0-ba4b-06a63fe894ec?size=2000,,,
Organic Liquid Soap - Travel Size,organic-liquid-soap-travel-size,Organic Liquid Soap - Travel Size — great for Camping.,health-and-safety,Health and Safety,health-and-safety,Health And Safety,camping,best-for:camping;brand:organic,4.9,standard,1.0,3.85,https://www.rei.com/media/e90f0e66-c227-4968-ab18-3599a2c1ec3b?size=2000,organic,,
Camp Chair - Kids',camp-chair-kids,Camp Chair - Kids' — great for Camping.,kids-camping-gear,Kids Camping Gear,kids-camping-gear,Kids Camping Gear,camping,best-for:camping;gender:kids;brand:camp,4.7,standard,1.0,27.93,https://www.rei.com/media/da4d7d96-348a-42bc-abb8-9cdca7eaebbb?size=2000,camp,,
SPF 40 Kids' Mineral Sunscreen Cream - 2.9 fl. oz.,spf-40-kids-mineral-sunscreen-cream-2-9-fl-oz,"SPF 40 Kids' Mineral Sunscreen Cream - 2.9 fl. oz. — great for Camping, Multisport.",kids-camping-gear,Kids Camping Gear,kids-camping-gear,Kids Camping Gear,"camping,multisport",best-for:camping|multisport;gender:kids;brand:spf,4.1,standard,1.0,17.95,https://www.rei.com/media/994c81e1-2363-47f8-b04f-ca121d326bb4?size=2000,spf,,
Evo TL V2 Air Tent,evo-tl-v2-air-tent,Evo TL V2 Air Tent — great for Camping.,tent,Tent,tents,Tents,camping,best-for:camping;brand:evo,4.9,standard,2.5,1300.0,https://www.rei.com/media/639cd6dd-6c7f-4398-9df4-6b7b821c5250?size=2000,evo,,
Catena 30 Sleeping Bag,catena-30-sleeping-bag,Catena 30 Sleeping Bag — great for Camping.,sleeping-gear,Sleeping Gear,sleeping-bags,Sleeping Bags,camping,best-for:camping;temp-rating:30;brand:catena,4.2,standard,1.2,49.95,https://www.rei.com/media/0bb60270-04aa-4226-840c-3a2d2003c066?size=2000,catena,,
Flash 55 Pack - Men's,flash-55-pack-men-s,Flash 55 Pack - Men's — great for Backpacking.,backpacks,Backpacks,backpacks,Backpacks,backpacking,best-for:backpacking;gender:mens;brand:flash;capacity:55-person,4.2,standard,1.5,199.0,https://www.rei.com/media/b9bc0911-6280-4425-8285-b36a37b2ef4a?size=2000,flash,55-person,
Cascade 3-in-1 Camp Stove,cascade-3-in-1-camp-stove,Cascade 3-in-1 Camp Stove — great for Camping.,camp-kitchen,Camp Kitchen,camp-kitchen,Camp Kitchen,camping,best-for:camping;brand:cascade,4.5,standard,0.8,164.99,https://www.rei.com/media/5a4bb7ea-4ede-491a-9681-e5fd8a76a031?size=2000,cascade,,
GO Hydration Water Jug - 11 Liters/2.9 Gal.,go-hydration-water-jug-11-liters-2-9-gal,GO Hydration Water Jug - 11 Liters/2.9 Gal. — great for Camping.,camp-hydration,Camp Hydration,camp-hydration,Camp Hydration,camping,best-for:camping;capacity:11l,3.9,standard,1.0,70.0,https://www.rei.com/media/568b309e-f9b5-47bb-8f55-c08404b5ca99?size=2000,,11l,
Copper Spur HV UL2 Tent,copper-spur-hv-ul2-tent,"Copper Spur HV UL2 Tent — great for Camping, Backpacking.",tent,Tent,tents,Tents,"camping,backpacking",best-for:camping|backpacking;brand:copper,4.1,standard,2.5,370.93,https://www.rei.com/media/6341cfd5-14e1-48a7-8e8f-b25925ba6ec5?size=2000,copper,,
Trail Hut 2 Tent with Footprint,trail-hut-2-tent-with-footprint,"Trail Hut 2 Tent with Footprint — great for Camping, Backpacking.",tent,Tent,tents,Tents,"camping,backpacking",best-for:camping|backpacking;persons:2;brand:trail,4.4,standard,2.5,229.0,https://www.rei.com/media/56b03fff-1b1b-4bba-bb46-63429f9576d6?size=2000,trail,,
Rapid Shelter - 10' x 10',rapid-shelter-10-x-10,Rapid Shelter - 10' x 10' — great for Camping.,tent,Tent,tents,Tents,camping,best-for:camping;brand:rapid,4.1,standard,2.5,249.95,https://www.rei.com/media/956ee609-46ea-4e3e-bfc9-92072f10ea4b?size=2000,rapid,,
Brazos 30F Sleeping Bag,brazos-30f-sleeping-bag,Brazos 30F Sleeping Bag — great for Camping.,sleeping-gear,Sleeping Gear,sleeping-bags,Sleeping Bags,camping,best-for:camping;brand:brazos,4.4,standard,1.2,47.0,https://www.rei.com/media/2ae27031-f9cc-4178-9306-ac1902cf9da7?size=2000,brazos,,
Disco 15 Endless Promise Down Sleeping Bag - Men's,disco-15-endless-promise-down-sleeping-bag-men-s,"Disco 15 Endless Promise Down Sleeping Bag - Men's — great for Camping, Backpacking.",sleeping-gear,Sleeping Gear,sleeping-bags,Sleeping Bags,"camping,backpacking",best-for:camping|backpacking;temp-rating:15;gender:mens;brand:disco,4.5,standard,1.2,299.95,https://www.rei.com/media/8ff133cb-9a2a-44b7-a6a7-38f4096d3a27?size=2000,disco,,
FlexMat Sleeping Pad,flexmat-sleeping-pad,"FlexMat Sleeping Pad — great for Camping, Backpacking.",sleeping-gear,Sleeping Gear,sleeping-bags,Sleeping Bags,"camping,backpacking",best-for:camping|backpacking;brand:flexmat,4.4,standard,1.2,39.95,https://www.rei.com/media/7b962fcb-fb99-49bc-9f3c-231b22f1ce7c?size=2000,flexmat,,
Flash 18 Print Pack,flash-18-print-pack,"Flash 18 Print Pack — great for Camping, Hiking.",backpacks,Backpacks,backpacks,Backpacks,"camping,hiking",best-for:camping|hiking;brand:flash;capacity:18-person,4.4,standard,1.5,39.95,https://www.rei.com/media/818dda9b-eaa4-4cea-882e-1b25a4883da1?size=2000,flash,18-person,
HydraSleeve Reservoir - 3 Liters,hydrasleeve-reservoir-3-liters,"HydraSleeve Reservoir - 3 Liters — great for Camping, Multispot.",backpacks,Backpacks,backpacks,Backpacks,"camping,multispot",best-for:camping|multispot;brand:hydrasleeve;capacity:3l,4.8,standard,1.5,60.0,https://www.rei.com/media/184d3e14-5072-4e14-9c4a-554897cbe5d1?size=2000,hydrasleeve,3l,
Trail 2 Waist Pack,trail-2-waist-pack,"Trail 2 Waist Pack — great for Camping, Hiking Travel.",backpacks,Backpacks,backpacks,Backpacks,"camping,hiking-travel",best-for:camping|hiking-travel;brand:trail,4.6,standard,1.5,14.83,https://www.rei.com/media/378aa68e-e2ce-4abe-ad4f-1925f7ba2d63?size=2000,trail,,
Flash Cooking System,flash-cooking-system,"Flash Cooking System — great for Camping, Backpacking.",camp-kitchen,Camp Kitchen,camp-kitchen,Camp Kitchen,"camping,backpacking",best-for:camping|backpacking;brand:flash,4.5,standard,0.8,97.39,https://www.rei.com/media/e2f14910-fc1b-459a-9da2-cd953ae575ef?size=2000,flash,,
Destination Kitchen Set 24,destination-kitchen-set-24,Destination Kitchen Set 24 — great for Camping.,camp-kitchen,Camp Kitchen,camp-kitchen,Camp Kitchen,camping,best-for:camping;brand:destination,4.5,standard,0.8,59.95,https://www.rei.com/media/7c310c10-b922-4c4f-b9fa-be9e4d5e68e8?size=2000,destination,,
GeoPress Water Filter and Purifier Bottle - 24 fl. oz.,geopress-water-filter-and-purifier-bottle-24-fl-oz,"GeoPress Water Filter and Purifier Bottle - 24 fl. oz. — great for Camping, Backpacking

Travel.",camp-hydration,Camp Hydration,camp-hydration,Camp Hydration,"camping,backpacking-travel",best-for:camping|backpacking-travel;brand:geopress,4.8,standard,1.0,99.95,https://www.rei.com/product/150116/grayl-geopress-water-filter-and-purifier-bottle-24-fl-oz,geopress,,
FreeSip Vacuum Water Bottle - 32 fl. oz.,freesip-vacuum-water-bottle-32-fl-oz,"FreeSip Vacuum Water Bottle - 32 fl. oz. — great for Camping, Multisport.",camp-hydration,"Camp Hydration
",camp-hydration,Camp Hydration,"camping,multisport",best-for:camping|multisport;brand:freesip,4.8,standard,1.0,35.0,https://www.rei.com/media/daf6196e-ecf2-4e52-ae62-ed3b7d2de033?size=2000,freesip,,
Bonfire Fire Pit with Stand 2.0,bonfire-fire-pit-with-stand-2-0,Bonfire Fire Pit with Stand 2.0 — great for Camping.,camp-furniture,Camp Furniture,camp-furniture,Camp Furniture,camping,best-for:camping;brand:bonfire,4.4,standard,1.0,300.0,https://www.rei.com/media/51dc6410-5d00-4073-9451-9ef0a0d98cf9?size=2000,bonfire,,
DoubleNest Hammock - Print,doublenest-hammock-print,DoubleNest Hammock - Print — great for Camping.,camp-furniture,Camp Furniture,camp-furniture,Camp Furniture,camping,best-for:camping;brand:doublenest,4.6,standard,1.0,84.94,https://www.rei.com/media/2f81856c-2ba1-4e55-aca4-4497279ea7a1?size=2000,doublenest,,
Icon700 Headlamp,icon700-headlamp,"Icon700 Headlamp — great for Camping, Backpacking.",lighting,Lighting,lighting,Lighting,"camping,backpacking",best-for:camping|backpacking;brand:icon700,4.2,standard,1.0,109.95,https://www.rei.com/media/f5917737-e268-4076-b2fa-62f722616d2a?size=2000,icon700,,
Luci Original Clear 2.0 Inflatable Solar Lantern,luci-original-clear-2-0-inflatable-solar-lantern,"Luci Original Clear 2.0 Inflatable Solar Lantern — great for Backpacking

Camping.",lighting,Lighting,lighting,Lighting,backpacking-camping,best-for:backpacking-camping;brand:luci,4.8,standard,1.0,29.95,https://www.rei.com/media/152fdc41-1845-477d-9681-279df76fcb54?size=2000,luci,,
A-10 NH Compass,a-10-nh-compass,"A-10 NH Compass — great for Camping, Hiking.",gadgets-and-gears,Gadgets and Gears,gadgets-and-gears,Gadgets And Gears,"camping,hiking",best-for:camping|hiking;brand:a-10,4.3,standard,1.0,24.0,https://www.rei.com/media/c8d3d09d-36ba-4f5b-a541-d0aaa254c9bc?size=2000,a-10,,
Spyfire Down Jacket - Men's,spyfire-down-jacket-men-s,"Spyfire Down Jacket - Men's — great for Camping, Multisport.",hiking-clothing,Hiking Clothing,hiking-clothing,Hiking Clothing,"camping,multisport",best-for:camping|multisport;gender:mens;brand:spyfire,4.3,standard,1.0,299.0,https://www.rei.com/media/e41ccece-d6ba-40ef-bd88-76e67bca2b44?size=2000,spyfire,,
Horizon Breeze Brimmer Hat,horizon-breeze-brimmer-hat,"Horizon Breeze Brimmer Hat — great for Camping, Casual

Hiking.",hiking-clothing,Hiking Clothing,hiking-clothing,Hiking Clothing,"camping,casual-hiking",best-for:camping|casual-hiking;brand:horizon,4.8,standard,1.0,45.0,https://www.rei.com/media/cd4a692a-5f34-42ae-88b0-e9ad7b2f9dbf?size=2000,horizon,,
Targhee IV Vent Hiking Shoes - Men's,targhee-iv-vent-hiking-shoes-men-s,"Targhee IV Vent Hiking Shoes - Men's — great for Camping, Hiking.",hiking-footwear,Hiking Footwear,hiking-footwear,Hiking Footwear,"camping,hiking",best-for:camping|hiking;gender:mens;brand:targhee,4.3,standard,1.0,150.0,https://www.rei.com/media/ec4d0d6e-2262-4765-94bc-8408386d2496?size=2000,targhee,,
Rogue Hiker Mid GORE-TEX Hiking Boots - Men's,rogue-hiker-mid-gore-tex-hiking-boots-men-s,"Rogue Hiker Mid GORE-TEX Hiking Boots - Men's — great for Camping, Backpacking.",hiking-footwear,Hiking Footwear,hiking-footwear,Hiking Footwear,"camping,backpacking",best-for:camping|backpacking;gender:mens;brand:rogue,4.3,standard,1.0,230.0,https://www.rei.com/media/73184c8f-87dc-46cf-b8a1-1262cf662d34?size=2000,rogue,,
Mountain Series Hiker Medical Kit,mountain-series-hiker-medical-kit,"Mountain Series Hiker Medical Kit — great for Camping, Hiking.",health-and-safety,Health and Safety,health-and-safety,Health And Safety,"camping,hiking",best-for:camping|hiking;brand:mountain,4.6,standard,1.0,29.95,https://www.rei.com/media/2a722066-fe9c-48b9-8526-665effc53c8f?size=2000,mountain,,
Emergency Blanket XL,emergency-blanket-xl,"Emergency Blanket XL — great for Camping, Backpacking.",health-and-safety,Health and Safety,health-and-safety,Health And Safety,"camping,backpacking",best-for:camping|backpacking;brand:emergency,4.6,standard,1.0,8.5,https://www.rei.com/media/5668a602-3315-4e4a-a14b-1f69adeb6fb7?size=2000,emergency,,
Kid Comfort Sun Roof,kid-comfort-sun-roof,"Kid Comfort Sun Roof — great for Camping, Hiking.",kids-camping-gear,Kids Camping Gear,kids-camping-gear,Kids Camping Gear,"camping,hiking",best-for:camping|hiking;gender:kids;brand:kid,3.8,standard,1.0,35.0,https://www.rei.com/media/aaadb94c-8b67-4685-a3fd-7f0301cc7b5e?size=2000,kid,,
Eddy+ Kids' Renew Water Bottle - 14 fl. oz.,eddy-kids-renew-water-bottle-14-fl-oz,"Eddy+ Kids' Renew Water Bottle - 14 fl. oz. — great for Camping, Casual.",kids-camping-gear,Kids Camping Gear,kids-camping-gear,Kids Camping Gear,"camping,casual",best-for:camping|casual;gender:kids;brand:eddy,4.5,standard,1.0,15.0,https://www.rei.com/media/86aada5a-2cd7-479f-a8cf-61ef5372a512?size=2000,eddy,,
Helio Pressure Shower - 11 Liters,helio-pressure-shower-11-liters,Helio Pressure Shower - 11 Liters — great for Camping.,camp-and-hike-deals,Camp and Hike Deals,camp-and-hike-deals,Camp And Hike Deals,camping,best-for:camping;brand:helio;capacity:11l,3.7,standard,1.0,64.93,https://www.rei.com/media/12e65c41-108a-47a0-928b-14c2bc701632?size=2000,helio,11l,
Outward Low Lawn Chair,outward-low-lawn-chair,Outward Low Lawn Chair — great for Camping.,camp-and-hike-deals,Camp and Hike Deals,camp-and-hike-deals,Camp And Hike Deals,camping,best-for:camping;brand:outward,4.5,standard,1.0,44.83,https://www.rei.com/media/81adf443-ac27-4c24-9aa9-dcebe876275b?size=2000,outward,,
vivoactive 5,vivoactive-5,"vivoactive 5 — great for Camping, Fitness.",camp-and-hike-deals,Camp and Hike Deals,camp-and-hike-deals,Camp And Hike Deals,"camping,fitness",best-for:camping|fitness,4.4,standard,1.0,219.99,https://www.rei.com/media/51cbc7d6-d825-4a09-9676-6189833b2535?size=2000,,,
HalfGen Base Camp Cooking System,halfgen-base-camp-cooking-system,HalfGen Base Camp Cooking System — great for Camping.,camp-and-hike-deals,Camp and Hike Deals,camp-and-hike-deals,Camp And Hike Deals,camping,best-for:camping;brand:halfgen,4.5,standard,1.0,164.89,https://www.rei.com/media/510430ae-f75f-466a-b43d-556285a37be8?size=2000,halfgen,,
Reflect Aero Earbuds,reflect-aero-earbuds,"Reflect Aero Earbuds — great for Camping, Multisport.",camp-and-hike-deals,Camp and Hike Deals,camp-and-hike-deals,Camp And Hike Deals,"camping,multisport",best-for:camping|multisport;brand:reflect,3.6,standard,1.0,99.99,https://www.rei.com/media/bfae591f-ca50-4348-af73-0dfe6810a4a0?size=2000,reflect,,
Reverb ChromaPop Sunglasses,reverb-chromapop-sunglasses,"Reverb ChromaPop Sunglasses — great for Camping, Cycling.",camp-and-hike-deals,Camp and Hike Deals,camp-and-hike-deals,Camp And Hike Deals,"camping,cycling",best-for:camping|cycling;brand:reverb,5.0,standard,1.0,149.73,https://www.rei.com/media/fcfca35f-7fc4-44bb-bb52-6f51dcfefd9f?size=2000,reverb,,
fenix 7X Sapphire Solar,fenix-7x-sapphire-solar,"fenix 7X Sapphire Solar — great for Camping, Multisport.",camp-electronics,Camp Electronics,camp-electronics,Camp Electronics,"camping,multisport",best-for:camping|multisport,4.6,standard,1.0,649.99,https://www.rei.com/media/cf966670-da8f-463c-963f-5039f4fe3a84?size=2000,,,
inReach Messenger,inreach-messenger,"inReach Messenger — great for Emergency Preparedness

Multisport.",camp-electronics,Camp Electronics,camp-electronics,Camp Electronics,emergency-preparedness-multisport,best-for:emergency-preparedness-multisport,4.2,standard,1.0,300.0,https://www.rei.com/media/0ebaa7e5-b8b0-49c5-9204-247f0973173c?size=2000,,,
vivoactive 5,vivoactive-5,vivoactive 5 — great for Fitness.,camp-electronics,Camp Electronics,camp-electronics,Camp Electronics,fitness,best-for:fitness,4.4,standard,1.0,219.99,https://www.rei.com/media/51cbc7d6-d825-4a09-9676-6189833b2535?size=2000,,,
GO 3S Action Bundle,go-3s-action-bundle,GO 3S Action Bundle — great for Multisport.,camp-electronics,Camp Electronics,camp-electronics,Camp Electronics,multisport,best-for:multisport,0.0,standard,1.0,465.0,https://www.rei.com/media/4754d89e-02a1-4c90-b533-d2b94666c108?size=2000,,,
Flip 6 Speaker,flip-6-speaker,Flip 6 Speaker — great for Casual.,camp-electronics,Camp Electronics,camp-electronics,Camp Electronics,casual,best-for:casual;brand:flip,4.4,standard,1.0,129.95,https://www.rei.com/media/2107b48d-3dfe-4450-9971-259fb1ed260b?size=2000,flip,,
Aurora Highrise 6P Tent,aurora-highrise-6p-tent,Aurora Highrise 6P Tent — great for Camping.,tent,Tent,tents,Tents,camping,best-for:camping;brand:aurora;capacity:6-person,4.1,standard,2.5,349.93,https://www.rei.com/media/b5ca0d0b-3351-49e7-812e-104b180a03ef?size=2000,aurora,6-person,
Skydome 6-Person Screen Room Tent with Dark Room Technology,skydome-6-person-screen-room-tent-with-dark-room-technology,Skydome 6-Person Screen Room Tent with Dark Room Technology — great for Camping.,tent,Tent,tents,Tents,camping,best-for:camping;persons:6;brand:skydome,4.3,standard,2.5,325.0,https://www.rei.com/media/eae0433f-a7a8-47be-87ae-940c2ecf6168?size=2000,skydome,,
Wonderland 6 Tent,wonderland-6-tent,Wonderland 6 Tent — great for Camping.,tent,Tent,tents,Tents,camping,best-for:camping;persons:6;brand:wonderland,3.5,standard,2.5,499.0,https://www.rei.com/media/fbfde3d5-4f6d-42ef-9764-30dd867811d0?size=2000,wonderland,,
DoubleNest Hammock,doublenest-hammock,DoubleNest Hammock — great for Camping.,sleeping-gear,Sleeping Gear,sleeping-bags,Sleeping Bags,camping,best-for:camping;brand:doublenest,4.6,standard,1.2,74.95,https://www.rei.com/media/84d22620-a51e-4a8d-9c7d-ba7d04f89fc2?size=2000,doublenest,,
AirRail Plus Sleeping Pad,airrail-plus-sleeping-pad,"AirRail Plus Sleeping Pad — great for Camping, Backpacking.",sleeping-gear,Sleeping Gear,sleeping-bags,Sleeping Bags,"camping,backpacking",best-for:camping|backpacking;brand:airrail,4.1,standard,1.2,115.0,https://www.rei.com/media/d33e7512-b184-4f8b-8050-c54bf0fceeab?size=2000,airrail,,
Helix Insulated Air Sleeping Pad,helix-insulated-air-sleeping-pad,Helix Insulated Air Sleeping Pad — great for Backpacking.,sleeping-gear,Sleeping Gear,sleeping-bags,Sleeping Bags,backpacking,best-for:backpacking;brand:helix,4.1,standard,1.2,169.0,https://www.rei.com/media/03114700-d4bb-4fc5-88f5-5ad4354750ef?size=2000,helix,,
MegaMat Auto Sleeping Pad,megamat-auto-sleeping-pad,MegaMat Auto Sleeping Pad — great for Camping.,sleeping-gear,Sleeping Gear,sleeping-bags,Sleeping Bags,camping,best-for:camping;brand:megamat,0.0,standard,1.2,429.0,https://www.rei.com/media/e6966584-6ea3-4aff-b51a-59d1bc6c444a?size=2000,megamat,,
Poco Premium Child Carrier,poco-premium-child-carrier,Poco Premium Child Carrier — great for Hiking.,backpacks,Backpacks,backpacks,Backpacks,hiking,best-for:hiking;brand:poco,0.0,standard,1.5,395.0,https://www.rei.com/media/27246d38-410f-4fbf-b6a5-5120257472d0?size=2000,poco,,
Southwest 55 Pack,southwest-55-pack,Southwest 55 Pack — great for Backpacking.,backpacks,Backpacks,backpacks,Backpacks,backpacking,best-for:backpacking;brand:southwest;capacity:55-person,3.8,standard,1.5,399.0,https://www.rei.com/media/bd586e31-89c5-40ca-8be7-c6319a69eefd?size=2000,southwest,55-person,
Flash 22 Print Pack,flash-22-print-pack,Flash 22 Print Pack — great for Hiking.,backpacks,Backpacks,backpacks,Backpacks,hiking,best-for:hiking;brand:flash;capacity:22-person,4.3,standard,1.5,59.95,https://www.rei.com/media/857de853-7f93-4dd7-b059-87830351d57f?size=2000,flash,22-person,
DELTA Pro Portable Power Station,delta-pro-portable-power-station,DELTA Pro Portable Power Station — great for Wall charge: 2.7 hours; wall charge: 1.8 hours; solar charge: 4-8 hours; car charge: 37.5 hours.,camp-electronics,Camp Electronics,camp-electronics,Camp Electronics,wall-charge-2-7-hours-wall-charge-1-8-hours-solar-charge-4-8-hours-car-charge-37-5-hours,best-for:wall-charge-2-7-hours-wall-charge-1-8-hours-solar-charge-4-8-hours-car-charge-37-5-hours;brand:delta,4.9,standard,1.0,2499.0,https://www.rei.com/media/2689e04c-19f5-4846-ab74-4734ae9bfa35?size=2000,delta,,
ER310 E+READY Emergency Crank Weather Radio,er310-e-ready-emergency-crank-weather-radio,ER310 E+READY Emergency Crank Weather Radio — great for Emergency Preparedness.,camp-electronics,Camp Electronics,camp-electronics,Camp Electronics,emergency-preparedness,best-for:emergency-preparedness;brand:er310,4.2,standard,1.0,70.0,https://www.rei.com/media/dbe4e034-194d-4f40-a9fc-6fe1dc7eac4a?size=2000,er310,,
Charge 100 Max Power Bank,charge-100-max-power-bank,Charge 100 Max Power Bank — great for Backpacking.,camp-electronics,Camp Electronics,camp-electronics,Camp Electronics,backpacking,best-for:backpacking;brand:charge,4.5,standard,1.0,149.95,https://www.rei.com/media/2cf72cef-433a-480e-ae85-ab65d6455075?size=2000,charge,,
" Outdoor Wash, Dry and Stow System",outdoor-wash-dry-and-stow-system," Outdoor Wash, Dry and Stow System — great for Camping.",camp-kitchen,Camp Kitchen,camp-kitchen,Camp Kitchen,camping,best-for:camping;brand:outdoor,4.6,standard,0.8,59.95,https://www.rei.com/media/7d0cda5c-6cfc-404d-a41a-e14ec84a92ea?size=2000,outdoor,,
Grilliput Portable Grill,grilliput-portable-grill,Grilliput Portable Grill — great for Camping.,camp-kitchen,Camp Kitchen,camp-kitchen,Camp Kitchen,camping,best-for:camping;brand:grilliput,0.0,standard,0.8,20.73,https://www.rei.com/media/9083fcfb-d3d4-4c30-b56e-9f8a8eee896e?size=2000,grilliput,,
Perfect-Brew Travel French Press Vacuum Mug,perfect-brew-travel-french-press-vacuum-mug,Perfect-Brew Travel French Press Vacuum Mug — great for Multisport.,camp-kitchen,Camp Kitchen,camp-kitchen,Camp Kitchen,multisport,best-for:multisport;brand:perfect-brew,4.5,standard,0.8,26.93,https://www.rei.com/media/213b0543-dba8-43dc-907c-16010eadd5b9?size=2000,perfect-brew,,
Peak Series Water Filter Straw,peak-series-water-filter-straw,Peak Series Water Filter Straw — great for Emergency Preparedness.,camp-hydration,Camp Hydration,camp-hydration,Camp Hydration,emergency-preparedness,best-for:emergency-preparedness;brand:peak,4.6,standard,1.0,24.95,https://www.rei.com/media/5947a122-8916-431f-afba-ca314c3761a7?size=2000,peak,,
GO Hydration Water Faucet,go-hydration-water-faucet,GO Hydration Water Faucet — great for Camping.,camp-hydration,Camp Hydration,camp-hydration,Camp Hydration,camping,best-for:camping,4.2,standard,1.0,100.0,https://www.rei.com/media/9bf96597-cf31-434e-acdc-83085a1c401d?size=2000,,,
Lightweight Wide-Mouth Vacuum Water Bottle - 32 fl. oz.,lightweight-wide-mouth-vacuum-water-bottle-32-fl-oz,Lightweight Wide-Mouth Vacuum Water Bottle - 32 fl. oz. — great for Multisport.,camp-hydration,Camp Hydration,camp-hydration,Camp Hydration,multisport,best-for:multisport;brand:lightweight,4.5,standard,1.0,49.05,https://www.rei.com/media/9bff9b53-4734-4971-9a54-0b20d094b52b?size=2000,lightweight,,
Moonlite Reclining Camp Chair,moonlite-reclining-camp-chair,Moonlite Reclining Camp Chair — great for Camping.,camp-furniture,Camp Furniture,camp-furniture,Camp Furniture,camping,best-for:camping;brand:moonlite,4.3,standard,1.0,149.95,https://www.rei.com/media/e95b86f1-7b85-4c02-b92a-a2bcf9b26c61?size=2000,moonlite,,
Ember Hammock Underquilt,ember-hammock-underquilt,Ember Hammock Underquilt — great for Camping.,camp-furniture,Camp Furniture,camp-furniture,Camp Furniture,camping,best-for:camping;brand:ember,4.5,standard,1.0,119.95,https://www.rei.com/media/6cf96c7f-d8c6-4f52-8a79-f78149937a0e?size=2000,ember,,
Lounger DL Chair,lounger-dl-chair,Lounger DL Chair — great for Camping.,camp-furniture,Camp Furniture,camp-furniture,Camp Furniture,camping,best-for:camping;brand:lounger,0.0,standard,1.0,149.95,https://www.rei.com/media/3bcdc464-f6b6-4a0e-ae5a-d17d45f21a37?size=2000,lounger,,
MoonLit LED Micro Lantern,moonlit-led-micro-lantern,MoonLit LED Micro Lantern — great for Casual.,lighting,Lighting,lighting,Lighting,casual,best-for:casual;brand:moonlit,4.7,standard,1.0,11.0,https://www.rei.com/media/015abf65-fa70-4c25-91b1-df296c1ce0f6?size=2000,moonlit,,
Crush Light Lantern,crush-light-lantern,"Crush Light Lantern — great for Camping

Backpacking.",lighting,Lighting,lighting,Lighting,camping-backpacking,best-for:camping-backpacking;brand:crush,4.0,standard,1.0,19.95,https://www.rei.com/media/df0cefeb-ea4d-4b4c-8f51-cbd8c66e6ad3?size=2000,crush,,
AlpenGlow 250 Lantern,alpenglow-250-lantern,AlpenGlow 250 Lantern — great for Camping.,lighting,Lighting,lighting,Lighting,camping,best-for:camping;brand:alpenglow;capacity:250l,4.8,standard,1.0,59.95,https://www.rei.com/media/3e7cdc5a-9776-4f6f-a2fe-d05db01a6723?size=2000,alpenglow,250l,
Rebar Multi-Tool,rebar-multi-tool,Rebar Multi-Tool — great for Camping.,gadgets-and-gears,Gadgets and Gears,gadgets-and-gears,Gadgets And Gears,camping,best-for:camping;brand:rebar,0.0,standard,1.0,89.95,https://www.rei.com/media/9fc577ab-5214-4e03-b86a-cd82010d32a7?size=2000,rebar,,
Dime Keychain Multi-tool,dime-keychain-multi-tool,Dime Keychain Multi-tool — great for Camping.,gadgets-and-gears,Gadgets and Gears,gadgets-and-gears,Gadgets And Gears,camping,best-for:camping;brand:dime,3.8,standard,1.0,30.95,https://www.rei.com/media/ef5cd932-07a0-4cad-a421-07614165b4a9?size=2000,dime,,
Trailmade Trekking Poles - Pair,trailmade-trekking-poles-pair,Trailmade Trekking Poles - Pair — great for Hiking.,gadgets-and-gears,Gadgets and Gears,gadgets-and-gears,Gadgets And Gears,hiking,best-for:hiking;brand:trailmade,4.4,standard,1.0,79.95,https://www.rei.com/media/849f147b-76f7-4d77-aa46-468e9a7c7312?size=2000,trailmade,,
Permethrin Pump Spray - 24 oz.,permethrin-pump-spray-24-oz,Permethrin Pump Spray - 24 oz. — great for Camping.,health-and-safety,Health and Safety,health-and-safety,Health And Safety,camping,best-for:camping;brand:permethrin,4.7,standard,1.0,17.95,https://www.rei.com/media/80bdc778-b1b4-46b2-ad2f-5b070559a417?size=2000,permethrin,,
Four Function Whistle,four-function-whistle,Four Function Whistle — great for Backpacking.,health-and-safety,Health and Safety,health-and-safety,Health And Safety,backpacking,best-for:backpacking;brand:four,4.0,standard,1.0,6.5,https://www.rei.com/media/8be2567f-26d6-4be9-a600-2d93104d3898?size=2000,four,,
FlatPak Soap Bar Case,flatpak-soap-bar-case,FlatPak Soap Bar Case — great for Travel.,health-and-safety,Health and Safety,health-and-safety,Health And Safety,travel,best-for:travel;brand:flatpak,4.8,standard,1.0,13.95,https://www.rei.com/media/92a4928b-8812-4e06-9ff2-84591e25c0ba?size=2000,flatpak,,
Wiz Kid Headlamp - Kids',wiz-kid-headlamp-kids,Wiz Kid Headlamp - Kids' — great for Camping.,kids-camping-gear,Kids Camping Gear,kids-camping-gear,Kids Camping Gear,camping,best-for:camping;gender:kids;brand:wiz,0.0,standard,1.0,29.95,https://www.rei.com/media/b95fc6a5-23c7-4879-b514-9330651f96c0?size=2000,wiz,,
Honcho Poncho - Kids',honcho-poncho-kids,Honcho Poncho - Kids' — great for Camping.,kids-camping-gear,Kids Camping Gear,kids-camping-gear,Kids Camping Gear,camping,best-for:camping;gender:kids;brand:honcho,0.0,standard,1.0,79.95,https://www.rei.com/media/0e7fc00e-eccd-41e0-9b23-0a457b9c7836?size=2000,honcho,,
Tarn Trekking Poles - Pair - Kids',tarn-trekking-poles-pair-kids,Tarn Trekking Poles - Pair - Kids' — great for Hiking.,kids-camping-gear,Kids Camping Gear,kids-camping-gear,Kids Camping Gear,hiking,best-for:hiking;gender:kids;brand:tarn,4.7,standard,1.0,64.95,https://www.rei.com/media/ee681140-2129-4ff3-864b-7ca22bed5358?size=2000,tarn,,
Luci Solar String Lights - 18',luci-solar-string-lights-18,Luci Solar String Lights - 18' — great for Camping.,camp-and-hike-deals,Camp and Hike Deals,camp-and-hike-deals,Camp And Hike Deals,camping,best-for:camping;brand:luci,3.2,standard,1.0,38.73,https://www.rei.com/media/4c70df8b-0b8b-4fc7-929c-16c6dd527dec?size=2000,luci,,
Stargaze Reclining Camp Chair,stargaze-reclining-camp-chair,Stargaze Reclining Camp Chair — great for Camping.,camp-and-hike-deals,Camp and Hike Deals,camp-and-hike-deals,Camp And Hike Deals,camping,best-for:camping;brand:stargaze,4.2,standard,1.0,174.93,https://www.rei.com/media/4f849941-e575-42da-bbd3-f024c7fc4884?size=2000,stargaze,,
Pot Support,pot-support,Pot Support — great for Backpacking.,camp-and-hike-deals,Camp and Hike Deals,camp-and-hike-deals,Camp And Hike Deals,backpacking,best-for:backpacking;brand:pot,4.4,standard,1.0,8.19,https://www.rei.com/media/fa976b08-d099-4da4-b345-de6a13a140f8?size=2000,pot,,
Squeeze Water Filtration System with Cnoc Premium 2-Liter Bladder,squeeze-water-filtration-system-with-cnoc-premium-2-liter-bladder,Squeeze Water Filtration System with Cnoc Premium 2-Liter Bladder — great for Backpacking.,camp-hydration,Camp Hydration,camp-hydration,Camp Hydration,backpacking,best-for:backpacking;brand:squeeze,5.0,standard,1.0,64.95,https://www.rei.com/media/f50e522f-4bad-415e-ad95-dd376cb53fe7?size=2000,squeeze,,
Squeeze Water Filter System,squeeze-water-filter-system,Squeeze Water Filter System — great for Backpacking.,camp-hydration,Camp Hydration,camp-hydration,Camp Hydration,backpacking,best-for:backpacking;brand:squeeze,4.2,standard,1.0,45.95,https://www.rei.com/media/7d089b12-6523-4159-9f5d-d4a7b0134541?size=2000,squeeze,,
Skydome 4-Person Tent,skydome-4-person-tent,Skydome 4-Person Tent — great for Camping.,tent,Tent,tents,Tents,camping,best-for:camping;persons:4;brand:skydome,4.3,standard,2.5,115.0,https://www.rei.com/media/5c76367b-cc71-486a-8afb-d07bc9b63aa2?size=2000,skydome,,
Base Camp 6 Tent,base-camp-6-tent,Base Camp 6 Tent — great for Camping.,tent,Tent,tents,Tents,camping,best-for:camping;persons:6;brand:base,3.9,standard,2.5,549.0,https://www.rei.com/media/076c4dd0-b476-4f5d-98fa-fc380deb1d8f?size=2000,base,,
Core Battery,core-battery,Core Battery — great for Multisport.,lighting,Lighting,lighting,Lighting,multisport,best-for:multisport;brand:core,3.9,standard,1.0,29.95,https://www.rei.com/media/62eb43e3-2ea4-4dfd-8966-c8a1f0778308?size=2000,core,,
Classic Recharge 800 Lumens LED Lantern,classic-recharge-800-lumens-led-lantern,Classic Recharge 800 Lumens LED Lantern — great for Camping.,lighting,Lighting,lighting,Lighting,camping,best-for:camping;brand:classic;capacity:800l,4.8,standard,1.0,75.0,https://www.rei.com/product/205212/coleman-classic-recharge-800-lumens-led-lantern,classic,800l,
Retro Pile Fleece Jacket - Men's,retro-pile-fleece-jacket-men-s,Retro Pile Fleece Jacket - Men's — great for Multisport.,hiking-clothing,Hiking Clothing,hiking-clothing,Hiking Clothing,multisport,best-for:multisport;gender:mens;brand:retro,4.4,standard,1.0,149.0,https://www.rei.com/media/3038d49b-bbf2-4695-81dc-9728cfe6b46c?size=2000,retro,,
Hiker Micro Crew Cushion Socks - Men's,hiker-micro-crew-cushion-socks-men-s,Hiker Micro Crew Cushion Socks - Men's — great for Hiking.,hiking-clothing,Hiking Clothing,hiking-clothing,Hiking Clothing,hiking,best-for:hiking;gender:mens;brand:hiker,4.7,standard,1.0,26.0,https://www.rei.com/media/f5d5b6bb-b123-44d6-9ca4-aecd3eef70a1?size=2000,hiker,,
Mountain 600 Leaf GTX Hiking Boots - Men's,mountain-600-leaf-gtx-hiking-boots-men-s,Mountain 600 Leaf GTX Hiking Boots - Men's — great for Hiking.,hiking-footwear,Hiking Footwear,hiking-footwear,Hiking Footwear,hiking,best-for:hiking;gender:mens;brand:mountain;capacity:600l,4.6,standard,1.0,219.95,https://www.rei.com/media/1c77fdfb-ee73-4069-afc1-93cebf26a8d1?size=2000,mountain,600l,
Targhee IV Mid Waterproof Hiking Boots - Men's,targhee-iv-mid-waterproof-hiking-boots-men-s,Targhee IV Mid Waterproof Hiking Boots - Men's — great for Hiking.,hiking-footwear,Hiking Footwear,hiking-footwear,Hiking Footwear,hiking,best-for:hiking;gender:mens;brand:targhee,4.4,standard,1.0,170.0,https://www.rei.com/media/5f879dd2-083d-42f2-a53b-f163e83d2fdf?size=2000,targhee,,
Trauma Pak with QuikClot Kit,trauma-pak-with-quikclot-kit,Trauma Pak with QuikClot Kit — great for Multisport.,health-and-safety,Health and Safety,health-and-safety,Health And Safety,multisport,best-for:multisport;brand:trauma,4.9,standard,1.0,29.95,https://www.rei.com/media/886af76b-b06e-4675-ae8b-aaf29d4b5f1b?size=2000,trauma,,
Wilderness Wipes - Package of 36,wilderness-wipes-package-of-36,"Wilderness Wipes - Package of 36 — great for Backpacking

Camping.",health-and-safety,Health and Safety,health-and-safety,Health And Safety,backpacking-camping,best-for:backpacking-camping;brand:wilderness,4.8,standard,1.0,9.95,https://www.rei.com/media/4844e718-8159-4fe0-b7d1-cfbf2a028fda?size=2000,wilderness,,
Thrive Flip Straw Kids' Water Bottle - 14 fl. oz.,thrive-flip-straw-kids-water-bottle-14-fl-oz,Thrive Flip Straw Kids' Water Bottle - 14 fl. oz. — great for Multisport.,kids-camping-gear,Kids Camping Gear,kids-camping-gear,Kids Camping Gear,multisport,best-for:multisport;gender:kids;brand:thrive,0.0,standard,1.0,15.0,https://www.rei.com/media/a7db0b99-b240-4833-a31f-2aa7eaff6d1a?size=2000,thrive,,
Premiums Polarized Sunglasses - Kids',premiums-polarized-sunglasses-kids,Premiums Polarized Sunglasses - Kids' — great for Casual.,kids-camping-gear,Kids Camping Gear,kids-camping-gear,Kids Camping Gear,casual,best-for:casual;gender:kids;brand:premiums,4.6,standard,1.0,25.0,https://www.rei.com/media/ef0af4b3-3100-4a59-9ad3-41f56ecfc3f8?size=2000,premiums,,
fenix 8 AMOLED Sapphire,fenix-8-amoled-sapphire,fenix 8 AMOLED Sapphire — great for Multisport.,camp-electronics,Camp Electronics,camp-electronics,Camp Electronics,multisport,best-for:multisport,4.3,standard,1.0,1100.0,https://www.rei.com/media/e9180085-4d37-4daf-acd9-5bedefe078b6?size=2000,,,
Max Alkaline AA Batteries - Package of 16,max-alkaline-aa-batteries-package-of-16,Max Alkaline AA Batteries - Package of 16 — great for Multisport.,camp-electronics,Camp Electronics,camp-electronics,Camp Electronics,multisport,best-for:multisport;brand:max,4.9,standard,1.0,16.95,https://www.rei.com/media/43ef9159-5d15-42d8-a95c-4cb7ed454c7d?size=2000,max,,
Nalgene Sustain Graphic Wide-Mouth Water Bottle - 32 fl. oz.,nalgene-sustain-graphic-wide-mouth-water-bottle-32-fl-oz,Nalgene Sustain Graphic Wide-Mouth Water Bottle - 32 fl. oz. — great for Multisport.,camp-hydration,Camp Hydration,camp-hydration,Camp Hydration,multisport,best-for:multisport;brand:nalgene,4.8,standard,1.0,10.93,https://www.rei.com/media/d5512f57-5112-4b05-ae8b-6eab49b460b3?size=2000,nalgene,,
Momentum Climbing Shoes - Men's,momentum-climbing-shoes-men-s,Momentum Climbing Shoes - Men's — great for Rock Climbing.,climbing-shoes,Climbing Shoes,climbing-shoes,Climbing Shoes,rock-climbing,best-for:rock-climbing;gender:mens;brand:momentum,4.6,standard,1.0,99.95,https://www.rei.com/media/344fc4e7-f639-4d76-8235-2a34bc216fd1?size=2000,momentum,,
Helix Climbing Shoes - Men's,helix-climbing-shoes-men-s,Helix Climbing Shoes - Men's — great for Rock Climbing.,climbing-shoes,Climbing Shoes,climbing-shoes,Climbing Shoes,rock-climbing,best-for:rock-climbing;gender:mens;brand:helix,4.2,standard,1.0,129.0,https://www.rei.com/media/5bd7470f-744b-4679-af49-5bb9d68b7dcd?size=2000,helix,,
Momentum Climbing Shoes - Kids',momentum-climbing-shoes-kids,Momentum Climbing Shoes - Kids' — great for Rock Climbing.,climbing-shoes,Climbing Shoes,climbing-shoes,Climbing Shoes,rock-climbing,best-for:rock-climbing;gender:kids;brand:momentum,4.6,standard,1.0,69.95,https://www.rei.com/media/442ff730-6b9a-4b3e-b1d2-ac3168248110?size=2000,momentum,,
Vapor V Climbing Shoes - Men's,vapor-v-climbing-shoes-men-s,Vapor V Climbing Shoes - Men's — great for Rock Climbing.,climbing-shoes,Climbing Shoes,climbing-shoes,Climbing Shoes,rock-climbing,best-for:rock-climbing;gender:mens;brand:vapor,3.6,standard,1.0,148.93,https://www.rei.com/media/65a0e7c0-ac7e-4306-a04d-93639e539c56?size=2000,vapor,,
Kubo Climbing Shoes - Men's,kubo-climbing-shoes-men-s,Kubo Climbing Shoes - Men's — great for Rock Climbing.,climbing-shoes,Climbing Shoes,climbing-shoes,Climbing Shoes,rock-climbing,best-for:rock-climbing;gender:mens;brand:kubo,4.7,standard,1.0,159.0,https://www.rei.com/media/12a062ab-79d4-476e-b798-37ecfaa71b64?size=2000,kubo,,
Momentum Harness Package - Men's,momentum-harness-package-men-s,Momentum Harness Package - Men's — great for Climbing.,climbing-harnesses,Climbing Harnesses,climbing-harnesses,Climbing Harnesses,climbing,best-for:climbing;gender:mens;brand:momentum,4.8,standard,1.0,99.95,https://www.rei.com/media/36c7ec1d-b9d2-4c46-a49d-a68ff6da3f81?size=2000,momentum,,
Solution Harness - Women's,solution-harness-women-s,Solution Harness - Women's — great for Climbing.,climbing-harnesses,Climbing Harnesses,climbing-harnesses,Climbing Harnesses,climbing,best-for:climbing;gender:womens;brand:solution,4.8,standard,1.0,79.95,https://www.rei.com/media/fd6013ea-58b4-4d98-a9d8-543f77436984?size=2000,solution,,
Solution Harness - Men's,solution-harness-men-s,Solution Harness - Men's — great for Climbing.,climbing-harnesses,Climbing Harnesses,climbing-harnesses,Climbing Harnesses,climbing,best-for:climbing;gender:mens;brand:solution,4.7,standard,1.0,79.95,https://www.rei.com/media/542333a1-cc90-4767-916b-0b924efeb106?size=2000,solution,,
4 Slide Harness,4-slide-harness,4 Slide Harness — great for Climbing.,climbing-harnesses,Climbing Harnesses,climbing-harnesses,Climbing Harnesses,climbing,best-for:climbing,4.6,standard,1.0,64.95,https://www.rei.com/media/d8d13e7e-a31c-49c4-ac90-19472b81de9e?size=2000,,,
Long Haul Harness,long-haul-harness,Long Haul Harness — great for Climbing.,climbing-harnesses,Climbing Harnesses,climbing-harnesses,Climbing Harnesses,climbing,best-for:climbing;brand:long,4.5,standard,1.0,139.95,https://www.rei.com/media/ca51a5ad-3d24-4118-b35e-29392f99863b?size=2000,long,,
ATC-Guide Belay Device,atc-guide-belay-device,ATC-Guide Belay Device — great for Climbing.,climbing-hardware,Climbing Hardware,climbing-hardware,Climbing Hardware,climbing,best-for:climbing;brand:atc-guide,5.0,standard,1.0,39.95,https://www.rei.com/media/4164e4a4-35f7-4920-be1e-c4c376f512a3?size=2000,atc-guide,,
LiteWire Carabiner,litewire-carabiner,LiteWire Carabiner — great for Climbing.,climbing-hardware,Climbing Hardware,climbing-hardware,Climbing Hardware,climbing,best-for:climbing;brand:litewire,4.9,standard,1.0,8.95,https://www.rei.com/media/157eb35b-094f-4c56-9543-0771e770da56?size=2000,litewire,,
HotWire Quickpack - Package of 6,hotwire-quickpack-package-of-6,HotWire Quickpack - Package of 6 — great for Climbing.,climbing-hardware,Climbing Hardware,climbing-hardware,Climbing Hardware,climbing,best-for:climbing;brand:hotwire,48.0,standard,1.0,99.95,https://www.rei.com/media/fece286b-fc22-4c5e-9230-e7d81ac26fe1?size=2000,hotwire,,
LiteWire Quickdraw Quickpack - 12 cm,litewire-quickdraw-quickpack-12-cm,LiteWire Quickdraw Quickpack - 12 cm — great for Climbing.,climbing-hardware,Climbing Hardware,climbing-hardware,Climbing Hardware,climbing,best-for:climbing;brand:litewire,4.9,standard,1.0,104.95,https://www.rei.com/media/e136f3b4-eaa7-47ae-8ef6-f5d1e114459b?size=2000,litewire,,
RockLock Screwgate Carabiner,rocklock-screwgate-carabiner,RockLock Screwgate Carabiner — great for Climbing.,climbing-hardware,Climbing Hardware,climbing-hardware,Climbing Hardware,climbing,best-for:climbing;brand:rocklock,4.8,standard,1.0,14.95,https://www.rei.com/media/349531a4-6afb-4411-9dd3-f3742ab09a1c?size=2000,rocklock,,
Crag We Care Classic 9.5 mm Non-Dry Rope,crag-we-care-classic-9-5-mm-non-dry-rope,Crag We Care Classic 9.5 mm Non-Dry Rope — great for Climbing.,climbing-ropes,Climbing Ropes,climbing-ropes,Climbing Ropes,climbing,best-for:climbing;brand:crag,4.8,standard,1.0,124.95,https://www.rei.com/media/034e0b8c-0eeb-4bdf-b0e9-d9a4bba280b1?size=2000,crag,,
Gym Classic 9.5 mm x 40 m Non-Dry Rope,gym-classic-9-5-mm-x-40-m-non-dry-rope,Gym Classic 9.5 mm x 40 m Non-Dry Rope — great for Climbing.,climbing-ropes,Climbing Ropes,climbing-ropes,Climbing Ropes,climbing,best-for:climbing;brand:gym,4.7,standard,1.0,114.95,https://www.rei.com/media/9b8cc379-2251-4a80-af47-afa206d22e65?size=2000,gym,,
Crag Classic 9.8 mm Non-Dry Rope,crag-classic-9-8-mm-non-dry-rope,Crag Classic 9.8 mm Non-Dry Rope — great for Climbing.,climbing-ropes,Climbing Ropes,climbing-ropes,Climbing Ropes,climbing,best-for:climbing;brand:crag,4.8,standard,1.0,179.95,https://www.rei.com/media/9da3e72f-65db-4a5a-8d75-9c631c004e53?size=2000,crag,,
Dirt Bag II Rope Bag,dirt-bag-ii-rope-bag,Dirt Bag II Rope Bag — great for Climbing.,climbing-ropes,Climbing Ropes,climbing-ropes,Climbing Ropes,climbing,best-for:climbing;brand:dirt,4.0,standard,1.0,39.95,https://www.rei.com/media/d0921d41-c8f8-41e0-8215-f97cc0455642?size=2000,dirt,,
Crag Classic 9.5 mm Non-Dry Rope,crag-classic-9-5-mm-non-dry-rope,Crag Classic 9.5 mm Non-Dry Rope — great for Climbing.,climbing-ropes,Climbing Ropes,climbing-ropes,Climbing Ropes,climbing,best-for:climbing;brand:crag,4.9,standard,1.0,199.95,https://www.rei.com/media/6951b28a-f336-4450-9b35-e8dff10e0767?size=2000,crag,,
10 mm Dynex Runner,10-mm-dynex-runner,10 mm Dynex Runner — great for Climbing.,webbing-and-cords,Webbing And Cords,webbing-and-cords,Webbing And Cords,climbing,best-for:climbing,4.9,standard,1.0,8.95,https://www.rei.com/media/962d87c8-9780-4908-8b00-ac3ef5b26b4d?size=2000,,,
" 1"" Climb-Spec Tubular Webbing - 30 ft.",1-climb-spec-tubular-webbing-30-ft," 1"" Climb-Spec Tubular Webbing - 30 ft. — great for Rock Climbing.",webbing-and-cords,Webbing And Cords,webbing-and-cords,Webbing And Cords,rock-climbing,best-for:rock-climbing,4.6,standard,1.0,18.95,https://www.rei.com/media/0c9370f6-2884-4d54-9b9a-98bdb626bf44?size=2000,,,
Contact Sling Dyneema 8.0,contact-sling-dyneema-8-0,Contact Sling Dyneema 8.0 — great for Climbing.,webbing-and-cords,Webbing And Cords,webbing-and-cords,Webbing And Cords,climbing,best-for:climbing;brand:contact,4.9,standard,1.0,9.95,https://www.rei.com/media/f1d65a17-7852-4a86-a51c-f5e173b9ab20?size=2000,contact,,
Accessory Cord - 6 mm,accessory-cord-6-mm,Accessory Cord - 6 mm — great for Climbing.,webbing-and-cords,Webbing And Cords,webbing-and-cords,Webbing And Cords,climbing,best-for:climbing;brand:accessory,4.2,standard,1.0,0.6,https://www.rei.com/media/a486153b-599a-4de2-b2f1-ffe640146f46?size=2000,accessory,,
1'' Climb-Spec Tubular Webbing,1-climb-spec-tubular-webbing,1'' Climb-Spec Tubular Webbing — great for Climbing.,webbing-and-cords,Webbing And Cords,webbing-and-cords,Webbing And Cords,climbing,best-for:climbing,4.9,standard,1.0,0.8,https://www.rei.com/media/fb33c308-baab-4f93-9826-5c54ce9f2e8f?size=2000,,,
Climbing Tape,climbing-tape,Climbing Tape — great for Climbing.,essentials,Essentials,essentials,Essentials,climbing,best-for:climbing;brand:climbing,4.4,standard,1.0,8.95,https://www.rei.com/media/615d892d-e301-4806-a75b-d9a12f7ec0b9?size=2000,climbing,,
Upshot Belay Glasses,upshot-belay-glasses,Upshot Belay Glasses — great for Rock Climbing.,essentials,Essentials,essentials,Essentials,rock-climbing,best-for:rock-climbing;brand:upshot,3.8,standard,1.0,64.95,https://www.rei.com/media/7b53b992-9818-4305-9deb-3a14d14e7759?size=2000,upshot,,
Cordex Lightweight Belay Gloves,cordex-lightweight-belay-gloves,Cordex Lightweight Belay Gloves — great for Climbing.,essentials,Essentials,essentials,Essentials,climbing,best-for:climbing;brand:cordex,4.5,standard,1.0,44.95,https://www.rei.com/media/75b052bb-2f51-4e93-8fdf-17ea9e6c7065?size=2000,cordex,,
Session II Crash Pad,session-ii-crash-pad,Session II Crash Pad — great for Bouldering.,essentials,Essentials,essentials,Essentials,bouldering,best-for:bouldering;brand:session,4.5,standard,1.0,199.95,https://www.rei.com/media/f983ac83-4e4a-4a9f-bf21-abfd7152958c?size=2000,session,,
"Fast, light and alpine strong, the Arc'teryx Alpha FL 30 pack is made for climbing with a streamlined profile that stays out of the way. The intuitive drawcord system gives quick access to your gear.",fast-light-and-alpine-strong-the-arc-teryx-alpha-fl-30-pack-is-made-for-climbing-with-a-streamlined-profile-that-stays-out-of-the-way-the-intuitive-drawcord-system-gives-quick-access-to-your-gear,"Fast, light and alpine strong, the Arc'teryx Alpha FL 30 pack is made for climbing with a streamlined profile that stays out of the way. The intuitive drawcord system gives quick access to your gear. — great for Climbing.",essentials,Essentials,essentials,Essentials,climbing,best-for:climbing;brand:fast;capacity:30-person,4.7,standard,1.0,280.0,https://www.rei.com/media/e559c960-0cf8-46ba-809b-e8f42fb853db?size=2000,fast,30-person,
Notion Pants - Men's,notion-pants-men-s,"Notion Pants - Men's — great for Rock Climbing

Casual.",climbing-clothing,Climbing Clothing,climbing-clothing,Climbing Clothing,rock-climbing-casual,best-for:rock-climbing-casual;gender:mens;brand:notion,4.0,standard,1.0,37.73,https://www.rei.com/media/2c5d61db-8bba-46e3-b7c1-eb854cedb095?size=2000,notion,,
Cirque Lite Pants - Men's,cirque-lite-pants-men-s,"Cirque Lite Pants - Men's — great for Hiking

Climbing.",climbing-clothing,Climbing Clothing,climbing-clothing,Climbing Clothing,hiking-climbing,best-for:hiking-climbing;gender:mens;brand:cirque,4.5,standard,1.0,139.0,https://www.rei.com/media/74f41b4f-e22d-4f88-a111-d68033c37c78?size=2000,cirque,,
Mountaineering Socks - Men's,mountaineering-socks-men-s,"Mountaineering Socks - Men's — great for Hiking

Mountaineering.",climbing-clothing,Climbing Clothing,climbing-clothing,Climbing Clothing,hiking-mountaineering,best-for:hiking-mountaineering;gender:mens;brand:mountaineering,4.9,standard,1.0,35.0,https://www.rei.com/media/f6da008b-e659-449b-836c-efbcab273a6a?size=2000,mountaineering,,
MSR Hubba Hubba NX 2-Person Tent,msr-hubba-hubba-nx-2-person-tent,"MSR Hubba Hubba NX 2-Person Tent — great for Backpacking, Multi-day Camping.",tents,Tents,tents,Tents,"backpacking,multi-day-camping",best-for:backpacking|multi-day-camping;brand:msr,4.8,standard,1.0,449.99,https://images.pexels.com/photos/1687845/pexels-photo-1687845.jpeg?auto=compress&cs=tinysrgb&h=350,msr,,
Coleman Sundome 4-Person Tent,coleman-sundome-4-person-tent,"Coleman Sundome 4-Person Tent — great for Casual Camping, Family Camping.",tents,Tents,tents,Tents,"casual-camping,family-camping",best-for:casual-camping|family-camping;brand:coleman,4.6,standard,1.0,99.99,https://images.pexels.com/photos/9303783/pexels-photo-9303783.jpeg?auto=compress&cs=tinysrgb&h=350,coleman,,
NEMO Disco 15 Sleeping Bag,nemo-disco-15-sleeping-bag,NEMO Disco 15 Sleeping Bag — great for Cool Weather Camping.,sleeping-bags,Sleeping Bags,sleeping-bags,Sleeping Bags,cool-weather-camping,best-for:cool-weather-camping;temp-rating:15;brand:nemo,4.7,standard,1.0,249.95,https://images.pexels.com/photos/6615999/pexels-photo-6615999.jpeg?auto=compress&cs=tinysrgb&h=350,nemo,,
Coleman Brazos Cold-Weather Sleeping Bag,coleman-brazos-cold-weather-sleeping-bag,"Coleman Brazos Cold-Weather Sleeping Bag — great for Casual Camping, Mild Weather.",sleeping-bags,Sleeping Bags,sleeping-bags,Sleeping Bags,"casual-camping,mild-weather",best-for:casual-camping|mild-weather;brand:coleman,4.5,standard,1.0,49.99,https://images.pexels.com/photos/29829051/pexels-photo-29829051.jpeg?auto=compress&cs=tinysrgb&h=350,coleman,,
Therm-a-Rest NeoAir Xlite,therm-a-rest-neoair-xlite,"Therm-a-Rest NeoAir Xlite — great for Backpacking, Lightweight Camping.",sleeping-pads,Sleeping Pads,sleeping-pads,Sleeping Pads,"backpacking,lightweight-camping",best-for:backpacking|lightweight-camping;brand:therm-a-rest,4.8,standard,1.0,199.95,https://images.pexels.com/photos/1438798/pexels-photo-1438798.jpeg?auto=compress&cs=tinysrgb&h=350,therm-a-rest,,
Klymit Static V Sleeping Pad,klymit-static-v-sleeping-pad,"Klymit Static V Sleeping Pad — great for Casual Camping, Car Camping.",sleeping-pads,Sleeping Pads,sleeping-pads,Sleeping Pads,"casual-camping,car-camping",best-for:casual-camping|car-camping;brand:klymit,4.6,standard,1.0,64.99,https://images.pexels.com/photos/1438798/pexels-photo-1438798.jpeg?auto=compress&cs=tinysrgb&h=350,klymit,,
Jetboil Flash Cooking System,jetboil-flash-cooking-system,"Jetboil Flash Cooking System — great for Backpacking, Multi-day Camping.",camping-stoves,Camping Stoves,camping-stoves,Camping Stoves,"backpacking,multi-day-camping",best-for:backpacking|multi-day-camping;brand:jetboil,4.8,standard,1.0,114.95,https://images.pexels.com/photos/167685/pexels-photo-167685.jpeg?auto=compress&cs=tinysrgb&h=350,jetboil,,
Coleman Classic Propane Stove,coleman-classic-propane-stove,"Coleman Classic Propane Stove — great for Family Camping, Outdoor Cooking.",camping-stoves,Camping Stoves,camping-stoves,Camping Stoves,"family-camping,outdoor-cooking",best-for:family-camping|outdoor-cooking;brand:coleman,4.7,standard,1.0,49.99,https://images.pexels.com/photos/19715432/pexels-photo-19715432.jpeg?auto=compress&cs=tinysrgb&h=350,coleman,,
YETI Tundra 45 Cooler,yeti-tundra-45-cooler,"YETI Tundra 45 Cooler — great for Long Camping Trips, Outdoor Adventures.",coolers,Coolers,coolers,Coolers,"long-camping-trips,outdoor-adventures",best-for:long-camping-trips|outdoor-adventures;brand:yeti,4.9,standard,1.0,325.0,https://images.pexels.com/photos/6831179/pexels-photo-6831179.jpeg?auto=compress&cs=tinysrgb&h=350,yeti,,
Coleman 50-Quart Xtreme Cooler,coleman-50-quart-xtreme-cooler,"Coleman 50-Quart Xtreme Cooler — great for Casual Camping, Family Trips.",coolers,Coolers,coolers,Coolers,"casual-camping,family-trips",best-for:casual-camping|family-trips;brand:coleman,4.6,standard,1.0,64.99,https://images.pexels.com/photos/6831179/pexels-photo-6831179.jpeg?auto=compress&cs=tinysrgb&h=350,coleman,,
Black Diamond Moji Lantern,black-diamond-moji-lantern,"Black Diamond Moji Lantern — great for Tent Lighting, Camping.",lighting,Lighting,lighting,Lighting,"tent-lighting,camping",best-for:tent-lighting|camping;brand:black,4.7,standard,1.0,24.99,https://images.pexels.com/photos/943150/pexels-photo-943150.jpeg?auto=compress&cs=tinysrgb&h=350,black,,
Petzl Actik Core Headlamp,petzl-actik-core-headlamp,"Petzl Actik Core Headlamp — great for Night Hiking, Camp Cooking.",lighting,Lighting,lighting,Lighting,"night-hiking,camp-cooking",best-for:night-hiking|camp-cooking;brand:petzl,4.8,standard,1.0,69.99,https://images.pexels.com/photos/31043522/pexels-photo-31043522.jpeg?auto=compress&cs=tinysrgb&h=350,petzl,,
Leatherman Signal Multi-Tool,leatherman-signal-multi-tool,"Leatherman Signal Multi-Tool — great for Survival Camping, Bushcraft.",multi-tools,Multi-Tools,multi-tools,Multi Tools,"survival-camping,bushcraft",best-for:survival-camping|bushcraft;brand:leatherman,4.8,standard,1.0,129.95,https://images.pexels.com/photos/8341892/pexels-photo-8341892.jpeg?auto=compress&cs=tinysrgb&h=350,leatherman,,
Gerber Suspension-NXT Multi-Tool,gerber-suspension-nxt-multi-tool,"Gerber Suspension-NXT Multi-Tool — great for Everyday Carry, Camping.",multi-tools,Multi-Tools,multi-tools,Multi Tools,"everyday-carry,camping",best-for:everyday-carry|camping;brand:gerber,4.6,standard,1.0,39.99,https://images.pexels.com/photos/8341892/pexels-photo-8341892.jpeg?auto=compress&cs=tinysrgb&h=350,gerber,,
Adventure Medical Kits Ultralight .7,adventure-medical-kits-ultralight-7,"Adventure Medical Kits Ultralight .7 — great for Backpacking, Hiking, Camping.",first-aid-kits,First Aid Kits,first-aid-kits,First Aid Kits,"backpacking,hiking,camping",best-for:backpacking|hiking|camping;brand:adventure,4.8,standard,1.0,29.99,https://images.pexels.com/photos/6608038/pexels-photo-6608038.jpeg?auto=compress&cs=tinysrgb&h=350,adventure,,
Surviveware Small First Aid Kit,surviveware-small-first-aid-kit,"Surviveware Small First Aid Kit — great for Camping, Travel.",first-aid-kits,First Aid Kits,first-aid-kits,First Aid Kits,"camping,travel",best-for:camping|travel;brand:surviveware,4.7,standard,1.0,39.99,https://images.pexels.com/photos/27914827/pexels-photo-27914827.jpeg?auto=compress&cs=tinysrgb&h=350,surviveware,,
Osprey Atmos AG 65,osprey-atmos-ag-65,Osprey Atmos AG 65 — great for Long Hiking & Camping Trips.,backpacks,Backpacks,backpacks,Backpacks,long-hiking-camping-trips,best-for:long-hiking-camping-trips;brand:osprey,4.9,standard,1.5,320.0,https://images.pexels.com/photos/31001002/pexels-photo-31001002.jpeg?auto=compress&cs=tinysrgb&h=350,osprey,,
REI Co-op Trail 40 Pack,rei-co-op-trail-40-pack,"REI Co-op Trail 40 Pack — great for Short Camping Trips, Day Hikes.",backpacks,Backpacks,backpacks,Backpacks,"short-camping-trips,day-hikes",best-for:short-camping-trips|day-hikes;brand:rei;capacity:40-person,4.7,standard,1.5,139.0,https://images.pexels.com/photos/7009614/pexels-photo-7009614.jpeg?auto=compress&cs=tinysrgb&h=350,rei,40-person,
Trek Domane AL 2,trek-domane-al-2,"Trek Domane AL 2 — great for Road Cycling, Endurance Rides.",bicycles,Bicycles,bicycles,Bicycles,"road-cycling,endurance-rides",best-for:road-cycling|endurance-rides;brand:trek,4.8,standard,1.0,1099.99,https://images.pexels.com/photos/686230/pexels-photo-686230.jpeg?auto=compress&cs=tinysrgb&h=350,trek,,
Giant Talon 29 2,giant-talon-29-2,"Giant Talon 29 2 — great for Mountain Biking, Trail Riding.",bicycles,Bicycles,bicycles,Bicycles,"mountain-biking,trail-riding",best-for:mountain-biking|trail-riding;brand:giant,4.7,standard,1.0,899.99,https://images.pexels.com/photos/90454/pexels-photo-90454.jpeg?auto=compress&cs=tinysrgb&h=350,giant,,
Giro Synthe MIPS,giro-synthe-mips,"Giro Synthe MIPS — great for Road Cycling, Racing.",helmets,Helmets,helmets,Helmets,"road-cycling,racing",best-for:road-cycling|racing;brand:giro,4.9,standard,1.0,199.99,https://images.pexels.com/photos/31068881/pexels-photo-31068881.jpeg?auto=compress&cs=tinysrgb&h=350,giro,,
Bell Super Air R MIPS,bell-super-air-r-mips,"Bell Super Air R MIPS — great for Mountain Biking, Downhill.",helmets,Helmets,helmets,Helmets,"mountain-biking,downhill",best-for:mountain-biking|downhill;brand:bell,4.8,standard,1.0,299.99,https://images.pexels.com/photos/31044124/pexels-photo-31044124.jpeg?auto=compress&cs=tinysrgb&h=350,bell,,
Shimano RC5 Road Shoes,shimano-rc5-road-shoes,"Shimano RC5 Road Shoes — great for Road Cycling, Racing.",cycling-shoes,Cycling Shoes,cycling-shoes,Cycling Shoes,"road-cycling,racing",best-for:road-cycling|racing;brand:shimano,4.7,standard,1.0,159.99,https://images.pexels.com/photos/4828828/pexels-photo-4828828.jpeg?auto=compress&cs=tinysrgb&h=350,shimano,,
Five Ten Freerider MTB Shoes,five-ten-freerider-mtb-shoes,"Five Ten Freerider MTB Shoes — great for Mountain Biking, Trail Riding.",cycling-shoes,Cycling Shoes,cycling-shoes,Cycling Shoes,"mountain-biking,trail-riding",best-for:mountain-biking|trail-riding;brand:five,4.6,standard,1.0,99.99,https://images.pexels.com/photos/12271246/pexels-photo-12271246.jpeg?auto=compress&cs=tinysrgb&h=350,five,,
Castelli Aero Race Jersey,castelli-aero-race-jersey,"Castelli Aero Race Jersey — great for Road Cycling, Racing.",cycling-jerseys,Cycling Jerseys,cycling-jerseys,Cycling Jerseys,"road-cycling,racing",best-for:road-cycling|racing;brand:castelli,4.8,standard,1.0,139.99,https://images.pexels.com/photos/19431254/pexels-photo-19431254.jpeg?auto=compress&cs=tinysrgb&h=350,castelli,,
Pearl Izumi Attack Bib Shorts,pearl-izumi-attack-bib-shorts,Pearl Izumi Attack Bib Shorts — great for Long Distance Cycling.,cycling-shorts,Cycling Shorts,cycling-shorts,Cycling Shorts,long-distance-cycling,best-for:long-distance-cycling;brand:pearl,4.7,standard,1.0,99.99,https://images.pexels.com/photos/31080487/pexels-photo-31080487.jpeg?auto=compress&cs=tinysrgb&h=350,pearl,,
Cygolite Metro Pro 1100,cygolite-metro-pro-1100,"Cygolite Metro Pro 1100 — great for Night Cycling, Commuting.",bike-lights,Bike Lights,bike-lights,Bike Lights,"night-cycling,commuting",best-for:night-cycling|commuting;brand:cygolite,4.8,standard,1.0,99.99,https://images.pexels.com/photos/8532495/pexels-photo-8532495.png?auto=compress&cs=tinysrgb&h=350,cygolite,,
Bontrager Flare RT Rear Light,bontrager-flare-rt-rear-light,"Bontrager Flare RT Rear Light — great for Commuting, Road Cycling.",bike-lights,Bike Lights,bike-lights,Bike Lights,"commuting,road-cycling",best-for:commuting|road-cycling;brand:bontrager,4.7,standard,1.0,59.99,https://images.pexels.com/photos/4857724/pexels-photo-4857724.jpeg?auto=compress&cs=tinysrgb&h=350,bontrager,,
CamelBak Podium Chill Water Bottle,camelbak-podium-chill-water-bottle,"CamelBak Podium Chill Water Bottle — great for Road Cycling, Hot Weather Rides.",hydration-systems,Hydration Systems,hydration-systems,Hydration Systems,"road-cycling,hot-weather-rides",best-for:road-cycling|hot-weather-rides;brand:camelbak,4.6,standard,1.0,17.99,https://images.pexels.com/photos/18876489/pexels-photo-18876489.jpeg?auto=compress&cs=tinysrgb&h=350,camelbak,,
Osprey Syncro 12 Hydration Pack,osprey-syncro-12-hydration-pack,"Osprey Syncro 12 Hydration Pack — great for Mountain Biking, Long Rides.",hydration-systems,Hydration Systems,hydration-systems,Hydration Systems,"mountain-biking,long-rides",best-for:mountain-biking|long-rides;brand:osprey,4.8,standard,1.0,119.99,https://images.pexels.com/photos/7187994/pexels-photo-7187994.jpeg?auto=compress&cs=tinysrgb&h=350,osprey,,
Kryptonite New-U Evolution Mini-7,kryptonite-new-u-evolution-mini-7,"Kryptonite New-U Evolution Mini-7 — great for Urban Commuting, High-Security Areas.",bike-locks,Bike Locks,bike-locks,Bike Locks,"urban-commuting,high-security-areas",best-for:urban-commuting|high-security-areas;brand:kryptonite,4.9,standard,1.0,84.99,https://images.pexels.com/photos/9461451/pexels-photo-9461451.jpeg?auto=compress&cs=tinysrgb&h=350,kryptonite,,
Abus Granit XPlus 540,abus-granit-xplus-540,"Abus Granit XPlus 540 — great for High-Theft Areas, Secure Parking.",bike-locks,Bike Locks,bike-locks,Bike Locks,"high-theft-areas,secure-parking",best-for:high-theft-areas|secure-parking;brand:abus,4.9,standard,1.0,149.99,https://images.pexels.com/photos/7973101/pexels-photo-7973101.jpeg?auto=compress&cs=tinysrgb&h=350,abus,,
Topeak Mini 20 Pro Multi-Tool,topeak-mini-20-pro-multi-tool,Topeak Mini 20 Pro Multi-Tool — great for Road & Mountain Biking.,bike-repair-kits,Bike Repair Kits,bike-repair-kits,Bike Repair Kits,road-mountain-biking,best-for:road-mountain-biking;brand:topeak;capacity:20-person,4.7,standard,1.0,39.99,https://images.pexels.com/photos/9607008/pexels-photo-9607008.jpeg?auto=compress&cs=tinysrgb&h=350,topeak,20-person,
Park Tool Advanced Mechanic Tool Kit,park-tool-advanced-mechanic-tool-kit,Park Tool Advanced Mechanic Tool Kit — great for Home Bike Repairs.,bike-repair-kits,Bike Repair Kits,bike-repair-kits,Bike Repair Kits,home-bike-repairs,best-for:home-bike-repairs;brand:park,4.8,standard,1.0,299.99,https://images.pexels.com/photos/6479582/pexels-photo-6479582.jpeg?auto=compress&cs=tinysrgb&h=350,park,,
Thule T2 Pro XT 2-Bike Rack,thule-t2-pro-xt-2-bike-rack,"Thule T2 Pro XT 2-Bike Rack — great for Transporting Bikes, Road Trips.",bike-racks,Bike Racks,bike-racks,Bike Racks,"transporting-bikes,road-trips",best-for:transporting-bikes|road-trips;brand:thule;capacity:2-person,4.9,standard,1.0,599.99,https://images.pexels.com/photos/12211057/pexels-photo-12211057.jpeg?auto=compress&cs=tinysrgb&h=350,thule,2-person,
Saris Bones 3-Bike Trunk Rack,saris-bones-3-bike-trunk-rack,"Saris Bones 3-Bike Trunk Rack — great for Casual Transport, Road Trips.",bike-racks,Bike Racks,bike-racks,Bike Racks,"casual-transport,road-trips",best-for:casual-transport|road-trips;brand:saris,4.7,standard,1.0,229.99,https://images.pexels.com/photos/31032854/pexels-photo-31032854.jpeg?auto=compress&cs=tinysrgb&h=350,saris,,
Salomon X Ultra 3 GTX,salomon-x-ultra-3-gtx,"Salomon X Ultra 3 GTX — great for Day Hikes, Rainy Conditions.",footwear,Footwear,footwear,Footwear,"day-hikes,rainy-conditions",best-for:day-hikes|rainy-conditions;brand:salomon,4.7,standard,1.0,149.99,https://images.pexels.com/photos/2385247/pexels-photo-2385247.jpeg?auto=compress&cs=tinysrgb&h=350,salomon,,
Merrell Moab 2 Mid WP,merrell-moab-2-mid-wp,Merrell Moab 2 Mid WP — great for Multi-day Treks.,footwear,Footwear,footwear,Footwear,multi-day-treks,best-for:multi-day-treks;brand:merrell,4.5,standard,1.0,129.99,https://images.pexels.com/photos/2929284/pexels-photo-2929284.jpeg?auto=compress&cs=tinysrgb&h=350,merrell,,
Osprey Atmos AG 50,osprey-atmos-ag-50,Osprey Atmos AG 50 — great for Multi-day Backpacking.,backpack,Backpack,backpack,Backpack,multi-day-backpacking,best-for:multi-day-backpacking;brand:osprey,4.8,standard,1.0,280.0,https://images.pexels.com/photos/31068298/pexels-photo-31068298.jpeg?auto=compress&cs=tinysrgb&h=350,osprey,,
Deuter Speed Lite 30,deuter-speed-lite-30,Deuter Speed Lite 30 — great for Lightweight Hiking.,backpack,Backpack,backpack,Backpack,lightweight-hiking,best-for:lightweight-hiking;brand:deuter,4.6,standard,1.0,160.0,https://images.pexels.com/photos/7009614/pexels-photo-7009614.jpeg?auto=compress&cs=tinysrgb&h=350,deuter,,
Garmin GPSMAP 66i,garmin-gpsmap-66i,"Garmin GPSMAP 66i — great for Off-grid Hiking, Long Treks.",navigation,Navigation,navigation,Navigation,"off-grid-hiking,long-treks",best-for:off-grid-hiking|long-treks;brand:garmin,4.9,standard,1.0,599.99,https://images.pexels.com/photos/691637/pexels-photo-691637.jpeg?auto=compress&cs=tinysrgb&h=350,garmin,,
Suunto MC-2 Compass,suunto-mc-2-compass,Suunto MC-2 Compass — great for Map & Compass Navigation.,navigation,Navigation,navigation,Navigation,map-compass-navigation,best-for:map-compass-navigation;brand:suunto,4.3,standard,1.0,60.0,https://images.pexels.com/photos/691637/pexels-photo-691637.jpeg?auto=compress&cs=tinysrgb&h=350,suunto,,
CamelBak Crux Reservoir,camelbak-crux-reservoir,"CamelBak Crux Reservoir — great for Long Hikes, Backpacking.",hydration,Hydration,hydration,Hydration,"long-hikes,backpacking",best-for:long-hikes|backpacking;brand:camelbak,4.5,standard,1.0,49.99,https://images.pexels.com/photos/8869253/pexels-photo-8869253.jpeg?auto=compress&cs=tinysrgb&h=350,camelbak,,
GRAYL GeoPress Water Purifier,grayl-geopress-water-purifier,"GRAYL GeoPress Water Purifier — great for Hiking, Emergency Water Purification.",hydration,Hydration,hydration,Hydration,"hiking,emergency-water-purification",best-for:hiking|emergency-water-purification;brand:grayl,4.8,standard,1.0,89.95,https://images.pexels.com/photos/3881676/pexels-photo-3881676.jpeg?auto=compress&cs=tinysrgb&h=350,grayl,,
Adventure Medical Kit 2.0,adventure-medical-kit-2-0,"Adventure Medical Kit 2.0 — great for Day Hikes, Backpacking.",safety-emergency,Safety & Emergency,safety-emergency,Safety Emergency,"day-hikes,backpacking",best-for:day-hikes|backpacking;brand:adventure,4.6,standard,1.0,29.99,https://images.pexels.com/photos/6608038/pexels-photo-6608038.jpeg?auto=compress&cs=tinysrgb&h=350,adventure,,
Survive Outdoors Longer Emergency Bivvy,survive-outdoors-longer-emergency-bivvy,"Survive Outdoors Longer Emergency Bivvy — great for Survival, Cold Weather Protection.",safety-emergency,Safety & Emergency,safety-emergency,Safety Emergency,"survival,cold-weather-protection",best-for:survival|cold-weather-protection;brand:survive,4.7,standard,1.0,19.99,https://images.pexels.com/photos/31008025/pexels-photo-31008025.jpeg?auto=compress&cs=tinysrgb&h=350,survive,,
Black Diamond Trail Ergo Cork Trekking Poles,black-diamond-trail-ergo-cork-trekking-poles,"Black Diamond Trail Ergo Cork Trekking Poles — great for Steep Terrain, Long Hikes.",trekking-aids,Trekking Aids,trekking-aids,Trekking Aids,"steep-terrain,long-hikes",best-for:steep-terrain|long-hikes;brand:black,4.8,standard,1.0,129.99,https://images.pexels.com/photos/9159898/pexels-photo-9159898.jpeg?auto=compress&cs=tinysrgb&h=350,black,,
LEKI Micro Vario Carbon Poles,leki-micro-vario-carbon-poles,"LEKI Micro Vario Carbon Poles — great for Lightweight Trekking, Alpine Hikes.",trekking-aids,Trekking Aids,trekking-aids,Trekking Aids,"lightweight-trekking,alpine-hikes",best-for:lightweight-trekking|alpine-hikes;brand:leki,4.7,standard,1.0,179.99,https://images.pexels.com/photos/7010171/pexels-photo-7010171.jpeg?auto=compress&cs=tinysrgb&h=350,leki,,
Outdoor Research Helium Rain Jacket,outdoor-research-helium-rain-jacket,"Outdoor Research Helium Rain Jacket — great for Rainy Conditions, Wind Protection.",weather-protection,Weather Protection,weather-protection,Weather Protection,"rainy-conditions,wind-protection",best-for:rainy-conditions|wind-protection;brand:outdoor,4.5,standard,1.0,159.99,https://images.pexels.com/photos/30592932/pexels-photo-30592932.jpeg?auto=compress&cs=tinysrgb&h=350,outdoor,,
Columbia Watertight II Rain Jacket,columbia-watertight-ii-rain-jacket,"Columbia Watertight II Rain Jacket — great for Casual Hiking, Stormy Weather.",weather-protection,Weather Protection,weather-protection,Weather Protection,"casual-hiking,stormy-weather",best-for:casual-hiking|stormy-weather;brand:columbia,4.4,standard,1.0,79.99,https://images.pexels.com/photos/2569818/pexels-photo-2569818.jpeg?auto=compress&cs=tinysrgb&h=350,columbia,,
Therm-a-Rest NeoAir XLite Sleeping Pad,therm-a-rest-neoair-xlite-sleeping-pad,"Therm-a-Rest NeoAir XLite Sleeping Pad — great for Backpacking, Multi-day Hikes.",sleeping-gear,Sleeping Gear,sleeping-bags,Sleeping Bags,"backpacking,multi-day-hikes",best-for:backpacking|multi-day-hikes;brand:therm-a-rest,4.7,standard,1.2,199.95,https://images.pexels.com/photos/1438798/pexels-photo-1438798.jpeg?auto=compress&cs=tinysrgb&h=350,therm-a-rest,,
NEMO Forte 20 Sleeping Bag,nemo-forte-20-sleeping-bag,"NEMO Forte 20 Sleeping Bag — great for Cool Weather Camping, Backpacking.",sleeping-gear,Sleeping Gear,sleeping-bags,Sleeping Bags,"cool-weather-camping,backpacking",best-for:cool-weather-camping|backpacking;temp-rating:20;brand:nemo,4.6,standard,1.2,179.95,https://images.pexels.com/photos/29829051/pexels-photo-29829051.jpeg?auto=compress&cs=tinysrgb&h=350,nemo,,
Jetboil Flash Cooking System,jetboil-flash-cooking-system,"Jetboil Flash Cooking System — great for Camping, Multi-day Hiking.",cooking-gear,Cooking Gear,cooking-gear,Cooking Gear,"camping,multi-day-hiking",best-for:camping|multi-day-hiking;brand:jetboil,4.8,standard,1.0,114.95,https://images.pexels.com/photos/167685/pexels-photo-167685.jpeg?auto=compress&cs=tinysrgb&h=350,jetboil,,
MSR PocketRocket 2 Stove,msr-pocketrocket-2-stove,"MSR PocketRocket 2 Stove — great for Solo Hiking, Lightweight Camping.",cooking-gear,Cooking Gear,cooking-gear,Cooking Gear,"solo-hiking,lightweight-camping",best-for:solo-hiking|lightweight-camping;brand:msr,4.7,standard,1.0,49.95,https://images.pexels.com/photos/8911191/pexels-photo-8911191.jpeg?auto=compress&cs=tinysrgb&h=350,msr,,
Salomon Quest 4 GTX,salomon-quest-4-gtx,"Salomon Quest 4 GTX — great for Long Treks, Mountain Terrain.",trekking-shoes,Trekking Shoes,trekking-shoes,Trekking Shoes,"long-treks,mountain-terrain",best-for:long-treks|mountain-terrain;brand:salomon,4.8,standard,1.0,229.99,https://images.pexels.com/photos/7866283/pexels-photo-7866283.jpeg?auto=compress&cs=tinysrgb&h=350,salomon,,
Lowa Renegade GTX Mid,lowa-renegade-gtx-mid,"Lowa Renegade GTX Mid — great for Multi-Day Treks, Rugged Terrain.",trekking-shoes,Trekking Shoes,trekking-shoes,Trekking Shoes,"multi-day-treks,rugged-terrain",best-for:multi-day-treks|rugged-terrain;brand:lowa,4.7,standard,1.0,249.99,https://images.pexels.com/photos/2398346/pexels-photo-2398346.jpeg?auto=compress&cs=tinysrgb&h=350,lowa,,
Black Diamond Trail Ergo Cork,black-diamond-trail-ergo-cork,"Black Diamond Trail Ergo Cork — great for Steep Trails, Heavy Loads.",trekking-poles,Trekking Poles,trekking-poles,Trekking Poles,"steep-trails,heavy-loads",best-for:steep-trails|heavy-loads;brand:black,4.8,standard,1.0,129.99,https://images.pexels.com/photos/9159898/pexels-photo-9159898.jpeg?auto=compress&cs=tinysrgb&h=350,black,,
LEKI Makalu FX Carbon,leki-makalu-fx-carbon,LEKI Makalu FX Carbon — great for High-Altitude Trekking.,trekking-poles,Trekking Poles,trekking-poles,Trekking Poles,high-altitude-trekking,best-for:high-altitude-trekking;brand:leki,4.7,standard,1.0,179.99,https://images.pexels.com/photos/7010171/pexels-photo-7010171.jpeg?auto=compress&cs=tinysrgb&h=350,leki,,
Osprey Aether 65,osprey-aether-65,"Osprey Aether 65 — great for Multi-Day Trekking, Heavy Loads.",backpacks,Backpacks,backpacks,Backpacks,"multi-day-trekking,heavy-loads",best-for:multi-day-trekking|heavy-loads;brand:osprey,4.9,standard,1.5,320.0,https://images.pexels.com/photos/31048804/pexels-photo-31048804.jpeg?auto=compress&cs=tinysrgb&h=350,osprey,,
Gregory Baltoro 65,gregory-baltoro-65,Gregory Baltoro 65 — great for Extended Trekking.,backpacks,Backpacks,backpacks,Backpacks,extended-trekking,best-for:extended-trekking;brand:gregory,4.8,standard,1.5,299.99,https://images.pexels.com/photos/5118523/pexels-photo-5118523.jpeg?auto=compress&cs=tinysrgb&h=350,gregory,,
CamelBak Crux 3L Reservoir,camelbak-crux-3l-reservoir,"CamelBak Crux 3L Reservoir — great for Day Treks, Hydration On-the-Go.",hydration-systems,Hydration Systems,hydration-systems,Hydration Systems,"day-treks,hydration-on-the-go",best-for:day-treks|hydration-on-the-go;volume-l:3;brand:camelbak;capacity:3l,4.6,standard,1.0,49.99,https://images.pexels.com/photos/7009498/pexels-photo-7009498.jpeg?auto=compress&cs=tinysrgb&h=350,camelbak,3l,
Sawyer Squeeze Water Filter,sawyer-squeeze-water-filter,Sawyer Squeeze Water Filter — great for Off-Grid Trekking.,hydration-systems,Hydration Systems,hydration-systems,Hydration Systems,off-grid-trekking,best-for:off-grid-trekking;brand:sawyer,4.7,standard,1.0,39.99,https://images.pexels.com/photos/14716179/pexels-photo-14716179.jpeg?auto=compress&cs=tinysrgb&h=350,sawyer,,
Arc'teryx Beta AR Jacket,arc-teryx-beta-ar-jacket,Arc'teryx Beta AR Jacket — great for Cold & Wet Weather Trekking.,clothing-outerwear,Clothing & Outerwear,clothing-outerwear,Clothing Outerwear,cold-wet-weather-trekking,best-for:cold-wet-weather-trekking;brand:arc-teryx,4.9,standard,1.0,599.99,https://images.pexels.com/photos/2761519/pexels-photo-2761519.jpeg?auto=compress&cs=tinysrgb&h=350,arc-teryx,,
Patagonia Capilene Base Layer,patagonia-capilene-base-layer,Patagonia Capilene Base Layer — great for Cold Weather Trekking.,clothing-outerwear,Clothing & Outerwear,clothing-outerwear,Clothing Outerwear,cold-weather-trekking,best-for:cold-weather-trekking;brand:patagonia,4.7,standard,1.0,79.99,https://images.pexels.com/photos/31029368/pexels-photo-31029368.jpeg?auto=compress&cs=tinysrgb&h=350,patagonia,,
Therm-a-Rest NeoAir Xtherm,therm-a-rest-neoair-xtherm,"Therm-a-Rest NeoAir Xtherm — great for Cold Weather, High-Altitude Treks.",sleeping-gear,Sleeping Gear,sleeping-bags,Sleeping Bags,"cold-weather,high-altitude-treks",best-for:cold-weather|high-altitude-treks;brand:therm-a-rest,4.9,standard,1.2,239.95,https://images.pexels.com/photos/1438798/pexels-photo-1438798.jpeg?auto=compress&cs=tinysrgb&h=350,therm-a-rest,,
NEMO Tensor Insulated Pad,nemo-tensor-insulated-pad,NEMO Tensor Insulated Pad — great for Multi-Day Trekking.,sleeping-gear,Sleeping Gear,sleeping-bags,Sleeping Bags,multi-day-trekking,best-for:multi-day-trekking;brand:nemo,4.8,standard,1.2,189.99,https://images.pexels.com/photos/1438798/pexels-photo-1438798.jpeg?auto=compress&cs=tinysrgb&h=350,nemo,,
Garmin eTrex 32x GPS,garmin-etrex-32x-gps,Garmin eTrex 32x GPS — great for Remote Trekking.,navigation-devices,Navigation Devices,navigation-devices,Navigation Devices,remote-trekking,best-for:remote-trekking;brand:garmin,4.8,standard,1.0,299.99,https://images.pexels.com/photos/4762853/pexels-photo-4762853.jpeg?auto=compress&cs=tinysrgb&h=350,garmin,,
Suunto MC-2 Compass,suunto-mc-2-compass,Suunto MC-2 Compass — great for Backcountry Trekking.,navigation-devices,Navigation Devices,navigation-devices,Navigation Devices,backcountry-trekking,best-for:backcountry-trekking;brand:suunto,4.6,standard,1.0,60.0,https://images.pexels.com/photos/9302777/pexels-photo-9302777.jpeg?auto=compress&cs=tinysrgb&h=350,suunto,,
Leatherman Wave+ Multi-Tool,leatherman-wave-multi-tool,"Leatherman Wave+ Multi-Tool — great for Trekking, Outdoor Survival.",multi-tools,Multi-Tools,multi-tools,Multi Tools,"trekking,outdoor-survival",best-for:trekking|outdoor-survival;brand:leatherman,4.8,standard,1.0,99.99,https://images.pexels.com/photos/9302777/pexels-photo-9302777.jpeg?auto=compress&cs=tinysrgb&h=350,leatherman,,
Surviveware First Aid Kit,surviveware-first-aid-kit,"Surviveware First Aid Kit — great for Trekking, Emergency Preparedness.",survival-kits,Survival Kits,survival-kits,Survival Kits,"trekking,emergency-preparedness",best-for:trekking|emergency-preparedness;brand:surviveware,4.7,standard,1.0,39.99,https://images.pexels.com/photos/27914827/pexels-photo-27914827.jpeg?auto=compress&cs=tinysrgb&h=350,surviveware,,
