id,name,slug,main_category,main_category_slug,sub_category,sub_category_slug,category_name,category_slug,product_type_name,product_type_slug,brand,collections,tax_class,breadcrumbs,short_description,description_text,price,currency,best_for,review_score,review_count,image_url,url
64465,"NOW Foods, Probiotic-10, 100 Billion, 30 Veg Capsules",now-foods-probiotic-10-100-billion-30-veg-capsules,Supplements & Wellness,supplements-wellness,Probiotics,probiotics,Gut Health,gut-health,Capsules,capsules,NOW Foods,Gut Health,standard,Categories > Supplements > Gut Health > Probiotics,"10 Probiotic Strains | Restorative Care | Dairy, Soy, & Gluten Free | For Temporary Disruptions to Intestinal Balance | Kosher | Non-GMO | A Dietary Supplement | Vegetarian/Vegan | Strain Verified | Digestive | Family Owned Since 1968 | Quality GMP Assured","• 10 Probiotic Strains
• Restorative Care
• Dairy, Soy, & Gluten Free
• For Temporary Disruptions to Intestinal Balance
• Kosher
• Non-GMO
• A Dietary Supplement
• Vegetarian/Vegan
• Strain Verified
• Digestive
• Family Owned Since 1968
• Quality GMP Assured

Now® Probiotic-10™ offers a balanced spectrum of live organisms consisting of acid-resistant probiotic bacterial strains that are known to naturally colonize the human GI Tract. Probiotic bacteria are critical for healthy digestion, help maintain the integrity of the intestinal lining, support proper intestinal motility and participate in the detoxification process. This potent Probiotic-10™ formula delivers 100 billion live organisms to help restore healthy flora following occasional but temporary disruptions to intestinal balance.

This product is formulated to deliver a potency of 100 Billion CFU through the best by date.

This probiotic strains in this product have been identity-verified using DNA-fingerprinting technology.

Suggested use
Take 1 capsule daily between meals or on an empty stomach.

Warning
Keep refrigerated to maintain potency. Consult physician if pregnant/nursing, taking medication (especially immune-suppressing drugs), or have a medical condition (especially if immune system is compromised). Keep out of reach of children.

Other Ingredients
Hypromellose (cellulose capsule), microcrystalline cellulose, FOS (fructooligosaccharides), ascorbyl palmitate and silicon dioxide. Not manufactured with wheat, gluten, soy, milk, egg, fish, shellfish or tree nut ingredients. Produced in a GMP facility that processes other ingredients containing these allergens.",2840.88,INR,gut health; digestive balance,4.7,4334,"https://cloudinary.images-iherb.com/image/upload/f_auto,q_auto:eco/images/now/now02931/g/27.jpg",https://in.iherb.com/pr/now-foods-probiotic-10-100-billion-30-veg-capsules/64465
95327,"California Gold Nutrition, Probiotics with Lactobacillus acidophilus, Bifidobacterium lactis, Lactobacillus plantarum, and Lactobacillus casei, 10 Strain Blend, 25 Billion CFU, 60 Veggie Capsules",california-gold-nutrition-probiotics-with-lactobacillus-acidophilus-bifidobacterium-lactis-lactobacillus-plantarum-and-lactobacillus-casei-10-strain-blend-25-billion-cfu-60-veggie-capsules,Supplements & Wellness,supplements-wellness,Probiotics,probiotics,Probiotics,probiotics,Capsules,capsules,California Gold Nutrition,Gut Health,standard,Categories > Supplements > Gut Health > Probiotics > Lactobacillus,"California Gold Nutrition Probiotics | 10 Strain Blend, 25 Billion CFU | Supports Digestive and Immune Health* | Suitable for Vegetarians and Vegans | Formulated without Gluten, GMOs, or Soy | Produced in a GMP Facility","• California Gold Nutrition Probiotics
• 10 Strain Blend, 25 Billion CFU
• Supports Digestive and Immune Health*
• Suitable for Vegetarians and Vegans
• Formulated without Gluten, GMOs, or Soy
• Produced in a GMP Facility

Our bodies are home to a microbiome of good bacteria that can help support daily bodily functions. California Gold Nutrition Probiotics contains 10 different strains of these good bacteria, which can help support digestive and immune health.*

Benefits of Taking Probiotic Supplements

Though our bodies have naturally-occurring good bacteria, sometimes our natural microbiome can become unbalanced with too few good bacteria. This can potentially create an environment where bad bacteria can thrive, which may cause digestive issues. Taking a daily probiotic supplement can help to balance the body’s microbiome with enough good bacteria to help support digestive and immune health.*

California Gold Nutrition Probiotics contains a 10 strain blend of probiotics with 25 billion CFU in veggie capsules. When taken as directed, this provides approximately a 2-month supply.

Our products undergo quality testing where they are evaluated by an independent ISO-certified lab using scientifically-validated test methods to ensure authenticity, purity, and potency of ingredients. For added transparency, we make the results available to you in our iTested Verified Reports so you can see for yourself.

Check out the iTested Report for this product to see the analysis.

Suggested use
Take 1 capsule daily, with or without food. Best when taken as directed by a qualified healthcare professional.

Warning
Keep out of reach of children. Consult with a licensed physician, pharmacist, naturopath or other qualified healthcare professional prior to taking dietary supplements. Sealed for your protection. Do not use if seal is missing or broken. Store in a cool, dry place. Protect from heat, light, and moisture. Best kept refrigerated to maintain potency. Natural color variation may occur. Do not eat freshness packet, keep in bottle.

Other Ingredients
Main Ingredients Probiotic Bacteria Blend: Lactobacillus acidophilus, Bifidobacterium lactis, Lactobacillus plantarum, Lactobacillus casei, Lactobacillus rhamnosus, Lactobacillus paracasei, Bifidobacterium breve, Streptococcus thermophilus, Lactobacillus salivarius, Bifidobacterium longum. Other Ingredients Microcrystalline Cellulose, Modified Cellulose (Hypromellose Veggie Capsule), Fructooligosaccharides (FOS), Ascorbyl Palmitate, and Silicon Dioxide (Silica). Not manufactured with milk, eggs, fish, crustacean shellfish, tree nuts, peanuts, wheat, soy, sesame, or gluten. Produced in an FDA-registered, third-party audited, and cGMP-compliant facility that may process other products that contain these allergens or ingredients.",1094.69,INR,gut health; digestive balance,4.6,13325,"https://cloudinary.images-iherb.com/image/upload/f_auto,q_auto:eco/images/lkn/lkn01422/g/113.jpg",https://in.iherb.com/pr/california-gold-nutrition-probiotics-with-lactobacillus-acidophilus-bifidobacterium-lactis-lactobacillus-plantarum-and-lactobacillus-casei-10-strain-blend-25-billion-cfu-60-veggie-capsules/95327
124,"Jarrow Formulas, Jarro-Dophilus EPS, 60 Veggie Caps (5 Billion per Capsule)",jarrow-formulas-jarro-dophilus-eps-60-veggie-caps-5-billion-per-capsule,Supplements & Wellness,supplements-wellness,Probiotics,probiotics,Gut Health,gut-health,Capsules,capsules,Jarrow Formulas,Gut Health,standard,Categories > Supplements > Gut Health > Intestinal Formulas,Vegetarian | Enhanced Probiotic System™ | 8 Clinically Studied Strains | Probiotics | Daily Gut Balance | Helps Regulate and Maintain the Health of the Intestinal Tract | 8 Complementary Strains | EnteroGuard® Coating | Non-GMO | Gluten Free | Probiotic Supplement,"• Vegetarian
• Enhanced Probiotic System™
• 8 Clinically Studied Strains
• Probiotics
• Daily Gut Balance
• Helps Regulate and Maintain the Health of the Intestinal Tract
• 8 Complementary Strains
• EnteroGuard® Coating
• Non-GMO
• Gluten Free
• Probiotic Supplement

When it comes to effective probiotics, clinically documented Strains Matter®. As an innovator of consumer probiotics since 1986, Jarrow Formulas® takes great pride in using high-quality and scientifically documented strains that have been developed through years of research and innovation.

8 Clinically Studied Strains in an Enhanced Probiotic System™ (EPS)

Jarro-Dophilus® EPS supports the health of the intestinal tract with a balanced mixture of carefully selected probiotic strains for intestinal and immune health. These strains have been clinically shown to have a positive influence on intestinal and/or immune health.

Our 8 complementary strains of probiotic bacteria are delivered via proprietary enteric coated capsules (EnteroGuard®) that protect it from stomach acid and delivers the potency of friendly bacteria needed to support a healthy gut. Jarro-Dophilus® EPS is blister-packed to protect the capsules from moisture and room temperature stable so it does not require refrigeration.

Live Probiotic Guarantee

When kept under recommended storage conditions, Jarrow® Probiotics are formulated to ensure CFU counts are guaranteed within best used before date.

EnteroGuard® - Protects Probiotics from Stomach Acid

Blister Packed - Protects Probiotic Bacteria from Moisture and Oxygen for Superior Stability

Shelf Life: Stability - Formulated with Strains That are Stable at Room Temperature (77°F)

Suggested use
Adults take 2 capsules once a day with water or juice, preferably on an empty stomach, or as directed by your qualified healthcare professional.

Warning
Consult a healthcare professional before using this product if you are pregnant, nursing, under the age of 18, are taking medication or have a medical condition; if adverse reactions occur, discontinue use. Keep out of the reach of children. Do not use if safety seal or blister is broken, damaged or missing. No Refrigeration Necessary. Does not require refrigeration and can be stored at room temperature in a cool, dry place. Avoid storage at temperature above 77ºF (25℃). Refrigeration, however extends shelf life.

Other Ingredients
Potato starch, capsule (hydroxypropylmethylcellulose, water), enteric coating (hypromellose, ethylcellulose, sodium alginate, medium chain triglycerides [modified coconut oil], oleic acid, stearic acid [vegetable source]), magnesium stearate (vegetable source) and ascorbic acid (antioxidant). Contains: Milk and soy (in trace amounts).",2568.65,INR,gut health; digestive balance,4.5,18264,"https://cloudinary.images-iherb.com/image/upload/f_auto,q_auto:eco/images/jrw/jrw03020/g/112.jpg",https://in.iherb.com/pr/jarrow-formulas-jarro-dophilus-eps-60-veggie-caps-5-billion-per-capsule/124
40594,"Jarrow Formulas, Vegan Jarro-Dophilus Plus FOS, 100 Veggie Capsules",jarrow-formulas-vegan-jarro-dophilus-plus-fos-100-veggie-capsules,Supplements & Wellness,supplements-wellness,Probiotics,probiotics,Gut Health,gut-health,Capsules,capsules,Jarrow Formulas,Gut Health,standard,Categories > Supplements > Gut Health > Probiotics,3.4 Billion CFU | 6 Clinically Studied Strains | Probiotic + Prebiotic | Helps Protect and Maintain Gut Health | Gluten Free | Probiotics Supplement | Igen™ Non-GMO Tested | IPRO™,"• 3.4 Billion CFU
• 6 Clinically Studied Strains
• Probiotic + Prebiotic
• Helps Protect and Maintain Gut Health
• Gluten Free
• Probiotics Supplement
• Igen™ Non-GMO Tested
• IPRO™

Jarro-Dophilus® + FOS is a synbiotic with 6 probiotic strains combined with a prebiotic. These strains have been clinically shown to help protect and maintain a balanced intestinal microflora, and/or support the immune system and intestinal health. FOS is a naturally derived prebiotic that supports the growth of beneficial bacteria in the intestinal tract.

Suggested use
Adults take 1 capsule 1-3 times a day during or shortly after a meal or take as directed by your qualified healthcare professional.

Warning
Note: Color of product naturally varies from white to tan. Consult a healthcare professional before using this product if you are pregnant, nursing, under the age of 18, are taking medication or have a medical condition; if adverse reactions occur, discontinue use. Keep out of the reach of children. Keep refrigerated. Do not use if safety seal is damaged or missing.

Other Ingredients
Capsule (hydroxypropylmethylcellulose, water), tapioca starch, maltodextrin, magnesium stearate (vegetable source), ascorbic acid (antioxidant) and calcium phosphate. Contains: Soy (in trace amounts).",1849.24,INR,gut health; digestive balance,4.7,509,"https://cloudinary.images-iherb.com/image/upload/f_auto,q_auto:eco/images/jrw/jrw03001/g/15.jpg",https://in.iherb.com/pr/jarrow-formulas-vegan-jarro-dophilus-plus-fos-100-veggie-capsules/40594