url,filename
https://www.rei.com/media/09ae9844-d7cf-4450-8a5c-d49b58e3ac23?size=2000,09ae9844-d7cf-4450-8a5c-d49b58e3ac23.jpeg
https://www.rei.com/media/e869f452-fda8-41a2-9451-9f876f1c379c?size=2000,e869f452-fda8-41a2-9451-9f876f1c379c.jpeg
https://www.rei.com/media/f0c2dba1-486b-4cae-b140-345b0a5a2519?size=2000,f0c2dba1-486b-4cae-b140-345b0a5a2519.jpeg
https://www.rei.com/media/9686371a-4647-401e-b2ea-c14b4f492042?size=2000,9686371a-4647-401e-b2ea-c14b4f492042.jpeg
https://www.rei.com/media/5595fe2a-3ff1-4e3e-ac1b-cee6ff6efe8f?size=2000,5595fe2a-3ff1-4e3e-ac1b-cee6ff6efe8f.jpeg
https://www.rei.com/media/78fa8347-44b4-4656-a0d2-00d1cf266872?size=2000,78fa8347-44b4-4656-a0d2-00d1cf266872.jpeg
https://www.rei.com/media/51cb0e1d-d332-45bd-9d96-b462fc6a6f9b?size=2000,51cb0e1d-d332-45bd-9d96-b462fc6a6f9b.jpeg
https://www.rei.com/media/6bbbfeba-eb34-44d3-98ed-17883e983183?size=2000,6bbbfeba-eb34-44d3-98ed-17883e983183.jpeg
https://www.rei.com/media/1df33adf-6c4b-4659-94e1-fce68d89b937?size=2000,1df33adf-6c4b-4659-94e1-fce68d89b937.jpeg
https://www.rei.com/media/0d9b3e56-8005-4d4d-aeac-63f997c0dd62?size=2000,0d9b3e56-8005-4d4d-aeac-63f997c0dd62.jpeg
https://www.rei.com/media/806dad12-be78-49c6-bdcd-aa3c21e5b812?size=2000,806dad12-be78-49c6-bdcd-aa3c21e5b812.jpeg
https://www.rei.com/media/8cccf1b8-0320-4bba-950c-8ba4a799a3ed?size=2000,8cccf1b8-0320-4bba-950c-8ba4a799a3ed.jpeg
https://www.rei.com/media/a5517f04-fe3e-4b88-b5f3-f37ed9fd66b2?size=2000,a5517f04-fe3e-4b88-b5f3-f37ed9fd66b2.jpeg
https://www.rei.com/media/c6f28ef0-6894-4ca3-8ebf-9ac3164adec9?size=2000,c6f28ef0-6894-4ca3-8ebf-9ac3164adec9.jpeg
https://www.rei.com/media/84ccd05f-22b3-4c37-bc1f-e19084673403?size=2000,84ccd05f-22b3-4c37-bc1f-e19084673403.jpeg
https://www.rei.com/media/639e5514-abf5-4d94-986a-5a791cf9f20b?size=2000,639e5514-abf5-4d94-986a-5a791cf9f20b.jpeg
https://www.rei.com/media/7033f0f1-706e-4010-9fb4-52c6488d1f30?size=2000,7033f0f1-706e-4010-9fb4-52c6488d1f30.jpeg
https://www.rei.com/media/186f6c7b-03e1-41f0-ba4b-06a63fe894ec?size=2000,186f6c7b-03e1-41f0-ba4b-06a63fe894ec.jpeg
https://www.rei.com/media/e90f0e66-c227-4968-ab18-3599a2c1ec3b?size=2000,e90f0e66-c227-4968-ab18-3599a2c1ec3b.jpeg
https://www.rei.com/media/da4d7d96-348a-42bc-abb8-9cdca7eaebbb?size=2000,da4d7d96-348a-42bc-abb8-9cdca7eaebbb.jpeg
https://www.rei.com/media/994c81e1-2363-47f8-b04f-ca121d326bb4?size=2000,994c81e1-2363-47f8-b04f-ca121d326bb4.jpeg
https://www.rei.com/media/639cd6dd-6c7f-4398-9df4-6b7b821c5250?size=2000,639cd6dd-6c7f-4398-9df4-6b7b821c5250.jpeg
https://www.rei.com/media/0bb60270-04aa-4226-840c-3a2d2003c066?size=2000,0bb60270-04aa-4226-840c-3a2d2003c066.jpeg
https://www.rei.com/media/b9bc0911-6280-4425-8285-b36a37b2ef4a?size=2000,b9bc0911-6280-4425-8285-b36a37b2ef4a.jpeg
https://www.rei.com/media/5a4bb7ea-4ede-491a-9681-e5fd8a76a031?size=2000,5a4bb7ea-4ede-491a-9681-e5fd8a76a031.jpeg
https://www.rei.com/media/568b309e-f9b5-47bb-8f55-c08404b5ca99?size=2000,568b309e-f9b5-47bb-8f55-c08404b5ca99.jpeg
https://www.rei.com/media/6341cfd5-14e1-48a7-8e8f-b25925ba6ec5?size=2000,6341cfd5-14e1-48a7-8e8f-b25925ba6ec5.jpeg
https://www.rei.com/media/56b03fff-1b1b-4bba-bb46-63429f9576d6?size=2000,56b03fff-1b1b-4bba-bb46-63429f9576d6.jpeg
https://www.rei.com/media/956ee609-46ea-4e3e-bfc9-92072f10ea4b?size=2000,956ee609-46ea-4e3e-bfc9-92072f10ea4b.jpeg
https://www.rei.com/media/2ae27031-f9cc-4178-9306-ac1902cf9da7?size=2000,2ae27031-f9cc-4178-9306-ac1902cf9da7.jpeg
https://www.rei.com/media/8ff133cb-9a2a-44b7-a6a7-38f4096d3a27?size=2000,8ff133cb-9a2a-44b7-a6a7-38f4096d3a27.jpeg
https://www.rei.com/media/7b962fcb-fb99-49bc-9f3c-231b22f1ce7c?size=2000,7b962fcb-fb99-49bc-9f3c-231b22f1ce7c.jpeg
https://www.rei.com/media/818dda9b-eaa4-4cea-882e-1b25a4883da1?size=2000,818dda9b-eaa4-4cea-882e-1b25a4883da1.jpeg
https://www.rei.com/media/184d3e14-5072-4e14-9c4a-554897cbe5d1?size=2000,184d3e14-5072-4e14-9c4a-554897cbe5d1.jpeg
https://www.rei.com/media/378aa68e-e2ce-4abe-ad4f-1925f7ba2d63?size=2000,378aa68e-e2ce-4abe-ad4f-1925f7ba2d63.jpeg
https://www.rei.com/media/e2f14910-fc1b-459a-9da2-cd953ae575ef?size=2000,e2f14910-fc1b-459a-9da2-cd953ae575ef.jpeg
https://www.rei.com/media/7c310c10-b922-4c4f-b9fa-be9e4d5e68e8?size=2000,7c310c10-b922-4c4f-b9fa-be9e4d5e68e8.jpeg
https://www.rei.com/product/150116/grayl-geopress-water-filter-and-purifier-bottle-24-fl-oz,grayl-geopress-water-filter-and-purifier-bottle-24-fl-oz.jpeg
https://www.rei.com/media/daf6196e-ecf2-4e52-ae62-ed3b7d2de033?size=2000,daf6196e-ecf2-4e52-ae62-ed3b7d2de033.jpeg
https://www.rei.com/media/51dc6410-5d00-4073-9451-9ef0a0d98cf9?size=2000,51dc6410-5d00-4073-9451-9ef0a0d98cf9.jpeg
https://www.rei.com/media/2f81856c-2ba1-4e55-aca4-4497279ea7a1?size=2000,2f81856c-2ba1-4e55-aca4-4497279ea7a1.jpeg
https://www.rei.com/media/f5917737-e268-4076-b2fa-62f722616d2a?size=2000,f5917737-e268-4076-b2fa-62f722616d2a.jpeg
https://www.rei.com/media/152fdc41-1845-477d-9681-279df76fcb54?size=2000,152fdc41-1845-477d-9681-279df76fcb54.jpeg
https://www.rei.com/media/c8d3d09d-36ba-4f5b-a541-d0aaa254c9bc?size=2000,c8d3d09d-36ba-4f5b-a541-d0aaa254c9bc.jpeg
https://www.rei.com/media/e41ccece-d6ba-40ef-bd88-76e67bca2b44?size=2000,e41ccece-d6ba-40ef-bd88-76e67bca2b44.jpeg
https://www.rei.com/media/cd4a692a-5f34-42ae-88b0-e9ad7b2f9dbf?size=2000,cd4a692a-5f34-42ae-88b0-e9ad7b2f9dbf.jpeg
https://www.rei.com/media/ec4d0d6e-2262-4765-94bc-8408386d2496?size=2000,ec4d0d6e-2262-4765-94bc-8408386d2496.jpeg
https://www.rei.com/media/73184c8f-87dc-46cf-b8a1-1262cf662d34?size=2000,73184c8f-87dc-46cf-b8a1-1262cf662d34.jpeg
https://www.rei.com/media/2a722066-fe9c-48b9-8526-665effc53c8f?size=2000,2a722066-fe9c-48b9-8526-665effc53c8f.jpeg
https://www.rei.com/media/5668a602-3315-4e4a-a14b-1f69adeb6fb7?size=2000,5668a602-3315-4e4a-a14b-1f69adeb6fb7.jpeg
https://www.rei.com/media/aaadb94c-8b67-4685-a3fd-7f0301cc7b5e?size=2000,aaadb94c-8b67-4685-a3fd-7f0301cc7b5e.jpeg
https://www.rei.com/media/86aada5a-2cd7-479f-a8cf-61ef5372a512?size=2000,86aada5a-2cd7-479f-a8cf-61ef5372a512.jpeg
https://www.rei.com/media/12e65c41-108a-47a0-928b-14c2bc701632?size=2000,12e65c41-108a-47a0-928b-14c2bc701632.jpeg
https://www.rei.com/media/81adf443-ac27-4c24-9aa9-dcebe876275b?size=2000,81adf443-ac27-4c24-9aa9-dcebe876275b.jpeg
https://www.rei.com/media/51cbc7d6-d825-4a09-9676-6189833b2535?size=2000,51cbc7d6-d825-4a09-9676-6189833b2535.jpeg
https://www.rei.com/media/510430ae-f75f-466a-b43d-556285a37be8?size=2000,510430ae-f75f-466a-b43d-556285a37be8.jpeg
https://www.rei.com/media/bfae591f-ca50-4348-af73-0dfe6810a4a0?size=2000,bfae591f-ca50-4348-af73-0dfe6810a4a0.jpeg
https://www.rei.com/media/fcfca35f-7fc4-44bb-bb52-6f51dcfefd9f?size=2000,fcfca35f-7fc4-44bb-bb52-6f51dcfefd9f.jpeg
https://www.rei.com/media/cf966670-da8f-463c-963f-5039f4fe3a84?size=2000,cf966670-da8f-463c-963f-5039f4fe3a84.jpeg
https://www.rei.com/media/0ebaa7e5-b8b0-49c5-9204-247f0973173c?size=2000,0ebaa7e5-b8b0-49c5-9204-247f0973173c.jpeg
https://www.rei.com/media/51cbc7d6-d825-4a09-9676-6189833b2535?size=2000,51cbc7d6-d825-4a09-9676-6189833b2535.jpeg
https://www.rei.com/media/4754d89e-02a1-4c90-b533-d2b94666c108?size=2000,4754d89e-02a1-4c90-b533-d2b94666c108.jpeg
https://www.rei.com/media/2107b48d-3dfe-4450-9971-259fb1ed260b?size=2000,2107b48d-3dfe-4450-9971-259fb1ed260b.jpeg
https://www.rei.com/media/b5ca0d0b-3351-49e7-812e-104b180a03ef?size=2000,b5ca0d0b-3351-49e7-812e-104b180a03ef.jpeg
https://www.rei.com/media/eae0433f-a7a8-47be-87ae-940c2ecf6168?size=2000,eae0433f-a7a8-47be-87ae-940c2ecf6168.jpeg
https://www.rei.com/media/fbfde3d5-4f6d-42ef-9764-30dd867811d0?size=2000,fbfde3d5-4f6d-42ef-9764-30dd867811d0.jpeg
https://www.rei.com/media/84d22620-a51e-4a8d-9c7d-ba7d04f89fc2?size=2000,84d22620-a51e-4a8d-9c7d-ba7d04f89fc2.jpeg
https://www.rei.com/media/d33e7512-b184-4f8b-8050-c54bf0fceeab?size=2000,d33e7512-b184-4f8b-8050-c54bf0fceeab.jpeg
https://www.rei.com/media/03114700-d4bb-4fc5-88f5-5ad4354750ef?size=2000,03114700-d4bb-4fc5-88f5-5ad4354750ef.jpeg
https://www.rei.com/media/e6966584-6ea3-4aff-b51a-59d1bc6c444a?size=2000,e6966584-6ea3-4aff-b51a-59d1bc6c444a.jpeg
https://www.rei.com/media/27246d38-410f-4fbf-b6a5-5120257472d0?size=2000,27246d38-410f-4fbf-b6a5-5120257472d0.jpeg
https://www.rei.com/media/bd586e31-89c5-40ca-8be7-c6319a69eefd?size=2000,bd586e31-89c5-40ca-8be7-c6319a69eefd.jpeg
https://www.rei.com/media/857de853-7f93-4dd7-b059-87830351d57f?size=2000,857de853-7f93-4dd7-b059-87830351d57f.jpeg
https://www.rei.com/media/2689e04c-19f5-4846-ab74-4734ae9bfa35?size=2000,2689e04c-19f5-4846-ab74-4734ae9bfa35.jpeg
https://www.rei.com/media/dbe4e034-194d-4f40-a9fc-6fe1dc7eac4a?size=2000,dbe4e034-194d-4f40-a9fc-6fe1dc7eac4a.jpeg
https://www.rei.com/media/2cf72cef-433a-480e-ae85-ab65d6455075?size=2000,2cf72cef-433a-480e-ae85-ab65d6455075.jpeg
https://www.rei.com/media/7d0cda5c-6cfc-404d-a41a-e14ec84a92ea?size=2000,7d0cda5c-6cfc-404d-a41a-e14ec84a92ea.jpeg
https://www.rei.com/media/9083fcfb-d3d4-4c30-b56e-9f8a8eee896e?size=2000,9083fcfb-d3d4-4c30-b56e-9f8a8eee896e.jpeg
https://www.rei.com/media/213b0543-dba8-43dc-907c-16010eadd5b9?size=2000,213b0543-dba8-43dc-907c-16010eadd5b9.jpeg
https://www.rei.com/media/5947a122-8916-431f-afba-ca314c3761a7?size=2000,5947a122-8916-431f-afba-ca314c3761a7.jpeg
https://www.rei.com/media/9bf96597-cf31-434e-acdc-83085a1c401d?size=2000,9bf96597-cf31-434e-acdc-83085a1c401d.jpeg
https://www.rei.com/media/9bff9b53-4734-4971-9a54-0b20d094b52b?size=2000,9bff9b53-4734-4971-9a54-0b20d094b52b.jpeg
https://www.rei.com/media/e95b86f1-7b85-4c02-b92a-a2bcf9b26c61?size=2000,e95b86f1-7b85-4c02-b92a-a2bcf9b26c61.jpeg
https://www.rei.com/media/6cf96c7f-d8c6-4f52-8a79-f78149937a0e?size=2000,6cf96c7f-d8c6-4f52-8a79-f78149937a0e.jpeg
https://www.rei.com/media/3bcdc464-f6b6-4a0e-ae5a-d17d45f21a37?size=2000,3bcdc464-f6b6-4a0e-ae5a-d17d45f21a37.jpeg
https://www.rei.com/media/015abf65-fa70-4c25-91b1-df296c1ce0f6?size=2000,015abf65-fa70-4c25-91b1-df296c1ce0f6.jpeg
https://www.rei.com/media/df0cefeb-ea4d-4b4c-8f51-cbd8c66e6ad3?size=2000,df0cefeb-ea4d-4b4c-8f51-cbd8c66e6ad3.jpeg
https://www.rei.com/media/3e7cdc5a-9776-4f6f-a2fe-d05db01a6723?size=2000,3e7cdc5a-9776-4f6f-a2fe-d05db01a6723.jpeg
https://www.rei.com/media/9fc577ab-5214-4e03-b86a-cd82010d32a7?size=2000,9fc577ab-5214-4e03-b86a-cd82010d32a7.jpeg
https://www.rei.com/media/ef5cd932-07a0-4cad-a421-07614165b4a9?size=2000,ef5cd932-07a0-4cad-a421-07614165b4a9.jpeg
https://www.rei.com/media/849f147b-76f7-4d77-aa46-468e9a7c7312?size=2000,849f147b-76f7-4d77-aa46-468e9a7c7312.jpeg
https://www.rei.com/media/80bdc778-b1b4-46b2-ad2f-5b070559a417?size=2000,80bdc778-b1b4-46b2-ad2f-5b070559a417.jpeg
https://www.rei.com/media/8be2567f-26d6-4be9-a600-2d93104d3898?size=2000,8be2567f-26d6-4be9-a600-2d93104d3898.jpeg
https://www.rei.com/media/92a4928b-8812-4e06-9ff2-84591e25c0ba?size=2000,92a4928b-8812-4e06-9ff2-84591e25c0ba.jpeg
https://www.rei.com/media/b95fc6a5-23c7-4879-b514-9330651f96c0?size=2000,b95fc6a5-23c7-4879-b514-9330651f96c0.jpeg
https://www.rei.com/media/0e7fc00e-eccd-41e0-9b23-0a457b9c7836?size=2000,0e7fc00e-eccd-41e0-9b23-0a457b9c7836.jpeg
https://www.rei.com/media/ee681140-2129-4ff3-864b-7ca22bed5358?size=2000,ee681140-2129-4ff3-864b-7ca22bed5358.jpeg
https://www.rei.com/media/4c70df8b-0b8b-4fc7-929c-16c6dd527dec?size=2000,4c70df8b-0b8b-4fc7-929c-16c6dd527dec.jpeg
https://www.rei.com/media/4f849941-e575-42da-bbd3-f024c7fc4884?size=2000,4f849941-e575-42da-bbd3-f024c7fc4884.jpeg
https://www.rei.com/media/fa976b08-d099-4da4-b345-de6a13a140f8?size=2000,fa976b08-d099-4da4-b345-de6a13a140f8.jpeg
https://www.rei.com/media/f50e522f-4bad-415e-ad95-dd376cb53fe7?size=2000,f50e522f-4bad-415e-ad95-dd376cb53fe7.jpeg
https://www.rei.com/media/7d089b12-6523-4159-9f5d-d4a7b0134541?size=2000,7d089b12-6523-4159-9f5d-d4a7b0134541.jpeg
https://www.rei.com/media/5c76367b-cc71-486a-8afb-d07bc9b63aa2?size=2000,5c76367b-cc71-486a-8afb-d07bc9b63aa2.jpeg
https://www.rei.com/media/076c4dd0-b476-4f5d-98fa-fc380deb1d8f?size=2000,076c4dd0-b476-4f5d-98fa-fc380deb1d8f.jpeg
https://www.rei.com/media/62eb43e3-2ea4-4dfd-8966-c8a1f0778308?size=2000,62eb43e3-2ea4-4dfd-8966-c8a1f0778308.jpeg
https://www.rei.com/product/205212/coleman-classic-recharge-800-lumens-led-lantern,coleman-classic-recharge-800-lumens-led-lantern.jpeg
https://www.rei.com/media/3038d49b-bbf2-4695-81dc-9728cfe6b46c?size=2000,3038d49b-bbf2-4695-81dc-9728cfe6b46c.jpeg
https://www.rei.com/media/f5d5b6bb-b123-44d6-9ca4-aecd3eef70a1?size=2000,f5d5b6bb-b123-44d6-9ca4-aecd3eef70a1.jpeg
https://www.rei.com/media/1c77fdfb-ee73-4069-afc1-93cebf26a8d1?size=2000,1c77fdfb-ee73-4069-afc1-93cebf26a8d1.jpeg
https://www.rei.com/media/5f879dd2-083d-42f2-a53b-f163e83d2fdf?size=2000,5f879dd2-083d-42f2-a53b-f163e83d2fdf.jpeg
https://www.rei.com/media/886af76b-b06e-4675-ae8b-aaf29d4b5f1b?size=2000,886af76b-b06e-4675-ae8b-aaf29d4b5f1b.jpeg
https://www.rei.com/media/4844e718-8159-4fe0-b7d1-cfbf2a028fda?size=2000,4844e718-8159-4fe0-b7d1-cfbf2a028fda.jpeg
https://www.rei.com/media/a7db0b99-b240-4833-a31f-2aa7eaff6d1a?size=2000,a7db0b99-b240-4833-a31f-2aa7eaff6d1a.jpeg
https://www.rei.com/media/ef0af4b3-3100-4a59-9ad3-41f56ecfc3f8?size=2000,ef0af4b3-3100-4a59-9ad3-41f56ecfc3f8.jpeg
https://www.rei.com/media/e9180085-4d37-4daf-acd9-5bedefe078b6?size=2000,e9180085-4d37-4daf-acd9-5bedefe078b6.jpeg
https://www.rei.com/media/43ef9159-5d15-42d8-a95c-4cb7ed454c7d?size=2000,43ef9159-5d15-42d8-a95c-4cb7ed454c7d.jpeg
https://www.rei.com/media/d5512f57-5112-4b05-ae8b-6eab49b460b3?size=2000,d5512f57-5112-4b05-ae8b-6eab49b460b3.jpeg
https://www.rei.com/media/344fc4e7-f639-4d76-8235-2a34bc216fd1?size=2000,344fc4e7-f639-4d76-8235-2a34bc216fd1.jpeg
https://www.rei.com/media/5bd7470f-744b-4679-af49-5bb9d68b7dcd?size=2000,5bd7470f-744b-4679-af49-5bb9d68b7dcd.jpeg
https://www.rei.com/media/442ff730-6b9a-4b3e-b1d2-ac3168248110?size=2000,442ff730-6b9a-4b3e-b1d2-ac3168248110.jpeg
https://www.rei.com/media/65a0e7c0-ac7e-4306-a04d-93639e539c56?size=2000,65a0e7c0-ac7e-4306-a04d-93639e539c56.jpeg
https://www.rei.com/media/12a062ab-79d4-476e-b798-37ecfaa71b64?size=2000,12a062ab-79d4-476e-b798-37ecfaa71b64.jpeg
https://www.rei.com/media/36c7ec1d-b9d2-4c46-a49d-a68ff6da3f81?size=2000,36c7ec1d-b9d2-4c46-a49d-a68ff6da3f81.jpeg
https://www.rei.com/media/fd6013ea-58b4-4d98-a9d8-543f77436984?size=2000,fd6013ea-58b4-4d98-a9d8-543f77436984.jpeg
https://www.rei.com/media/542333a1-cc90-4767-916b-0b924efeb106?size=2000,542333a1-cc90-4767-916b-0b924efeb106.jpeg
https://www.rei.com/media/d8d13e7e-a31c-49c4-ac90-19472b81de9e?size=2000,d8d13e7e-a31c-49c4-ac90-19472b81de9e.jpeg
https://www.rei.com/media/ca51a5ad-3d24-4118-b35e-29392f99863b?size=2000,ca51a5ad-3d24-4118-b35e-29392f99863b.jpeg
https://www.rei.com/media/4164e4a4-35f7-4920-be1e-c4c376f512a3?size=2000,4164e4a4-35f7-4920-be1e-c4c376f512a3.jpeg
https://www.rei.com/media/157eb35b-094f-4c56-9543-0771e770da56?size=2000,157eb35b-094f-4c56-9543-0771e770da56.jpeg
https://www.rei.com/media/fece286b-fc22-4c5e-9230-e7d81ac26fe1?size=2000,fece286b-fc22-4c5e-9230-e7d81ac26fe1.jpeg
https://www.rei.com/media/e136f3b4-eaa7-47ae-8ef6-f5d1e114459b?size=2000,e136f3b4-eaa7-47ae-8ef6-f5d1e114459b.jpeg
https://www.rei.com/media/349531a4-6afb-4411-9dd3-f3742ab09a1c?size=2000,349531a4-6afb-4411-9dd3-f3742ab09a1c.jpeg
https://www.rei.com/media/034e0b8c-0eeb-4bdf-b0e9-d9a4bba280b1?size=2000,034e0b8c-0eeb-4bdf-b0e9-d9a4bba280b1.jpeg
https://www.rei.com/media/9b8cc379-2251-4a80-af47-afa206d22e65?size=2000,9b8cc379-2251-4a80-af47-afa206d22e65.jpeg
https://www.rei.com/media/9da3e72f-65db-4a5a-8d75-9c631c004e53?size=2000,9da3e72f-65db-4a5a-8d75-9c631c004e53.jpeg
https://www.rei.com/media/d0921d41-c8f8-41e0-8215-f97cc0455642?size=2000,d0921d41-c8f8-41e0-8215-f97cc0455642.jpeg
https://www.rei.com/media/6951b28a-f336-4450-9b35-e8dff10e0767?size=2000,6951b28a-f336-4450-9b35-e8dff10e0767.jpeg
https://www.rei.com/media/962d87c8-9780-4908-8b00-ac3ef5b26b4d?size=2000,962d87c8-9780-4908-8b00-ac3ef5b26b4d.jpeg
https://www.rei.com/media/0c9370f6-2884-4d54-9b9a-98bdb626bf44?size=2000,0c9370f6-2884-4d54-9b9a-98bdb626bf44.jpeg
https://www.rei.com/media/f1d65a17-7852-4a86-a51c-f5e173b9ab20?size=2000,f1d65a17-7852-4a86-a51c-f5e173b9ab20.jpeg
https://www.rei.com/media/a486153b-599a-4de2-b2f1-ffe640146f46?size=2000,a486153b-599a-4de2-b2f1-ffe640146f46.jpeg
https://www.rei.com/media/fb33c308-baab-4f93-9826-5c54ce9f2e8f?size=2000,fb33c308-baab-4f93-9826-5c54ce9f2e8f.jpeg
https://www.rei.com/media/615d892d-e301-4806-a75b-d9a12f7ec0b9?size=2000,615d892d-e301-4806-a75b-d9a12f7ec0b9.jpeg
https://www.rei.com/media/7b53b992-9818-4305-9deb-3a14d14e7759?size=2000,7b53b992-9818-4305-9deb-3a14d14e7759.jpeg
https://www.rei.com/media/75b052bb-2f51-4e93-8fdf-17ea9e6c7065?size=2000,75b052bb-2f51-4e93-8fdf-17ea9e6c7065.jpeg
https://www.rei.com/media/f983ac83-4e4a-4a9f-bf21-abfd7152958c?size=2000,f983ac83-4e4a-4a9f-bf21-abfd7152958c.jpeg
https://www.rei.com/media/e559c960-0cf8-46ba-809b-e8f42fb853db?size=2000,e559c960-0cf8-46ba-809b-e8f42fb853db.jpeg
https://www.rei.com/media/2c5d61db-8bba-46e3-b7c1-eb854cedb095?size=2000,2c5d61db-8bba-46e3-b7c1-eb854cedb095.jpeg
https://www.rei.com/media/74f41b4f-e22d-4f88-a111-d68033c37c78?size=2000,74f41b4f-e22d-4f88-a111-d68033c37c78.jpeg
https://www.rei.com/media/f6da008b-e659-449b-836c-efbcab273a6a?size=2000,f6da008b-e659-449b-836c-efbcab273a6a.jpeg
https://images.pexels.com/photos/1687845/pexels-photo-1687845.jpeg?auto=compress&cs=tinysrgb&h=350,pexels-photo-1687845.jpeg
https://images.pexels.com/photos/9303783/pexels-photo-9303783.jpeg?auto=compress&cs=tinysrgb&h=350,pexels-photo-9303783.jpeg
https://images.pexels.com/photos/6615999/pexels-photo-6615999.jpeg?auto=compress&cs=tinysrgb&h=350,pexels-photo-6615999.jpeg
https://images.pexels.com/photos/29829051/pexels-photo-29829051.jpeg?auto=compress&cs=tinysrgb&h=350,pexels-photo-29829051.jpeg
https://images.pexels.com/photos/1438798/pexels-photo-1438798.jpeg?auto=compress&cs=tinysrgb&h=350,pexels-photo-1438798.jpeg
https://images.pexels.com/photos/1438798/pexels-photo-1438798.jpeg?auto=compress&cs=tinysrgb&h=350,pexels-photo-1438798.jpeg
https://images.pexels.com/photos/167685/pexels-photo-167685.jpeg?auto=compress&cs=tinysrgb&h=350,pexels-photo-167685.jpeg
https://images.pexels.com/photos/19715432/pexels-photo-19715432.jpeg?auto=compress&cs=tinysrgb&h=350,pexels-photo-19715432.jpeg
https://images.pexels.com/photos/6831179/pexels-photo-6831179.jpeg?auto=compress&cs=tinysrgb&h=350,pexels-photo-6831179.jpeg
https://images.pexels.com/photos/6831179/pexels-photo-6831179.jpeg?auto=compress&cs=tinysrgb&h=350,pexels-photo-6831179.jpeg
https://images.pexels.com/photos/943150/pexels-photo-943150.jpeg?auto=compress&cs=tinysrgb&h=350,pexels-photo-943150.jpeg
https://images.pexels.com/photos/31043522/pexels-photo-31043522.jpeg?auto=compress&cs=tinysrgb&h=350,pexels-photo-31043522.jpeg
https://images.pexels.com/photos/8341892/pexels-photo-8341892.jpeg?auto=compress&cs=tinysrgb&h=350,pexels-photo-8341892.jpeg
https://images.pexels.com/photos/8341892/pexels-photo-8341892.jpeg?auto=compress&cs=tinysrgb&h=350,pexels-photo-8341892.jpeg
https://images.pexels.com/photos/6608038/pexels-photo-6608038.jpeg?auto=compress&cs=tinysrgb&h=350,pexels-photo-6608038.jpeg
https://images.pexels.com/photos/27914827/pexels-photo-27914827.jpeg?auto=compress&cs=tinysrgb&h=350,pexels-photo-27914827.jpeg
https://images.pexels.com/photos/31001002/pexels-photo-31001002.jpeg?auto=compress&cs=tinysrgb&h=350,pexels-photo-31001002.jpeg
https://images.pexels.com/photos/7009614/pexels-photo-7009614.jpeg?auto=compress&cs=tinysrgb&h=350,pexels-photo-7009614.jpeg
https://images.pexels.com/photos/686230/pexels-photo-686230.jpeg?auto=compress&cs=tinysrgb&h=350,pexels-photo-686230.jpeg
https://images.pexels.com/photos/90454/pexels-photo-90454.jpeg?auto=compress&cs=tinysrgb&h=350,pexels-photo-90454.jpeg
https://images.pexels.com/photos/31068881/pexels-photo-31068881.jpeg?auto=compress&cs=tinysrgb&h=350,pexels-photo-31068881.jpeg
https://images.pexels.com/photos/31044124/pexels-photo-31044124.jpeg?auto=compress&cs=tinysrgb&h=350,pexels-photo-31044124.jpeg
https://images.pexels.com/photos/4828828/pexels-photo-4828828.jpeg?auto=compress&cs=tinysrgb&h=350,pexels-photo-4828828.jpeg
https://images.pexels.com/photos/12271246/pexels-photo-12271246.jpeg?auto=compress&cs=tinysrgb&h=350,pexels-photo-12271246.jpeg
https://images.pexels.com/photos/19431254/pexels-photo-19431254.jpeg?auto=compress&cs=tinysrgb&h=350,pexels-photo-19431254.jpeg
https://images.pexels.com/photos/31080487/pexels-photo-31080487.jpeg?auto=compress&cs=tinysrgb&h=350,pexels-photo-31080487.jpeg
https://images.pexels.com/photos/8532495/pexels-photo-8532495.png?auto=compress&cs=tinysrgb&h=350,pexels-photo-8532495.jpeg
https://images.pexels.com/photos/4857724/pexels-photo-4857724.jpeg?auto=compress&cs=tinysrgb&h=350,pexels-photo-4857724.jpeg
https://images.pexels.com/photos/18876489/pexels-photo-18876489.jpeg?auto=compress&cs=tinysrgb&h=350,pexels-photo-18876489.jpeg
https://images.pexels.com/photos/7187994/pexels-photo-7187994.jpeg?auto=compress&cs=tinysrgb&h=350,pexels-photo-7187994.jpeg
https://images.pexels.com/photos/9461451/pexels-photo-9461451.jpeg?auto=compress&cs=tinysrgb&h=350,pexels-photo-9461451.jpeg
https://images.pexels.com/photos/7973101/pexels-photo-7973101.jpeg?auto=compress&cs=tinysrgb&h=350,pexels-photo-7973101.jpeg
https://images.pexels.com/photos/9607008/pexels-photo-9607008.jpeg?auto=compress&cs=tinysrgb&h=350,pexels-photo-9607008.jpeg
https://images.pexels.com/photos/6479582/pexels-photo-6479582.jpeg?auto=compress&cs=tinysrgb&h=350,pexels-photo-6479582.jpeg
https://images.pexels.com/photos/12211057/pexels-photo-12211057.jpeg?auto=compress&cs=tinysrgb&h=350,pexels-photo-12211057.jpeg
https://images.pexels.com/photos/31032854/pexels-photo-31032854.jpeg?auto=compress&cs=tinysrgb&h=350,pexels-photo-31032854.jpeg
https://images.pexels.com/photos/2385247/pexels-photo-2385247.jpeg?auto=compress&cs=tinysrgb&h=350,pexels-photo-2385247.jpeg
https://images.pexels.com/photos/2929284/pexels-photo-2929284.jpeg?auto=compress&cs=tinysrgb&h=350,pexels-photo-2929284.jpeg
https://images.pexels.com/photos/31068298/pexels-photo-31068298.jpeg?auto=compress&cs=tinysrgb&h=350,pexels-photo-31068298.jpeg
https://images.pexels.com/photos/7009614/pexels-photo-7009614.jpeg?auto=compress&cs=tinysrgb&h=350,pexels-photo-7009614.jpeg
https://images.pexels.com/photos/691637/pexels-photo-691637.jpeg?auto=compress&cs=tinysrgb&h=350,pexels-photo-691637.jpeg
https://images.pexels.com/photos/691637/pexels-photo-691637.jpeg?auto=compress&cs=tinysrgb&h=350,pexels-photo-691637.jpeg
https://images.pexels.com/photos/8869253/pexels-photo-8869253.jpeg?auto=compress&cs=tinysrgb&h=350,pexels-photo-8869253.jpeg
https://images.pexels.com/photos/3881676/pexels-photo-3881676.jpeg?auto=compress&cs=tinysrgb&h=350,pexels-photo-3881676.jpeg
https://images.pexels.com/photos/6608038/pexels-photo-6608038.jpeg?auto=compress&cs=tinysrgb&h=350,pexels-photo-6608038.jpeg
https://images.pexels.com/photos/31008025/pexels-photo-31008025.jpeg?auto=compress&cs=tinysrgb&h=350,pexels-photo-31008025.jpeg
https://images.pexels.com/photos/9159898/pexels-photo-9159898.jpeg?auto=compress&cs=tinysrgb&h=350,pexels-photo-9159898.jpeg
https://images.pexels.com/photos/7010171/pexels-photo-7010171.jpeg?auto=compress&cs=tinysrgb&h=350,pexels-photo-7010171.jpeg
https://images.pexels.com/photos/30592932/pexels-photo-30592932.jpeg?auto=compress&cs=tinysrgb&h=350,pexels-photo-30592932.jpeg
https://images.pexels.com/photos/2569818/pexels-photo-2569818.jpeg?auto=compress&cs=tinysrgb&h=350,pexels-photo-2569818.jpeg
https://images.pexels.com/photos/1438798/pexels-photo-1438798.jpeg?auto=compress&cs=tinysrgb&h=350,pexels-photo-1438798.jpeg
https://images.pexels.com/photos/29829051/pexels-photo-29829051.jpeg?auto=compress&cs=tinysrgb&h=350,pexels-photo-29829051.jpeg
https://images.pexels.com/photos/167685/pexels-photo-167685.jpeg?auto=compress&cs=tinysrgb&h=350,pexels-photo-167685.jpeg
https://images.pexels.com/photos/8911191/pexels-photo-8911191.jpeg?auto=compress&cs=tinysrgb&h=350,pexels-photo-8911191.jpeg
https://images.pexels.com/photos/7866283/pexels-photo-7866283.jpeg?auto=compress&cs=tinysrgb&h=350,pexels-photo-7866283.jpeg
https://images.pexels.com/photos/2398346/pexels-photo-2398346.jpeg?auto=compress&cs=tinysrgb&h=350,pexels-photo-2398346.jpeg
https://images.pexels.com/photos/9159898/pexels-photo-9159898.jpeg?auto=compress&cs=tinysrgb&h=350,pexels-photo-9159898.jpeg
https://images.pexels.com/photos/7010171/pexels-photo-7010171.jpeg?auto=compress&cs=tinysrgb&h=350,pexels-photo-7010171.jpeg
https://images.pexels.com/photos/31048804/pexels-photo-31048804.jpeg?auto=compress&cs=tinysrgb&h=350,pexels-photo-31048804.jpeg
https://images.pexels.com/photos/5118523/pexels-photo-5118523.jpeg?auto=compress&cs=tinysrgb&h=350,pexels-photo-5118523.jpeg
https://images.pexels.com/photos/7009498/pexels-photo-7009498.jpeg?auto=compress&cs=tinysrgb&h=350,pexels-photo-7009498.jpeg
https://images.pexels.com/photos/14716179/pexels-photo-14716179.jpeg?auto=compress&cs=tinysrgb&h=350,pexels-photo-14716179.jpeg
https://images.pexels.com/photos/2761519/pexels-photo-2761519.jpeg?auto=compress&cs=tinysrgb&h=350,pexels-photo-2761519.jpeg
https://images.pexels.com/photos/31029368/pexels-photo-31029368.jpeg?auto=compress&cs=tinysrgb&h=350,pexels-photo-31029368.jpeg
https://images.pexels.com/photos/1438798/pexels-photo-1438798.jpeg?auto=compress&cs=tinysrgb&h=350,pexels-photo-1438798.jpeg
https://images.pexels.com/photos/1438798/pexels-photo-1438798.jpeg?auto=compress&cs=tinysrgb&h=350,pexels-photo-1438798.jpeg
https://images.pexels.com/photos/4762853/pexels-photo-4762853.jpeg?auto=compress&cs=tinysrgb&h=350,pexels-photo-4762853.jpeg
https://images.pexels.com/photos/9302777/pexels-photo-9302777.jpeg?auto=compress&cs=tinysrgb&h=350,pexels-photo-9302777.jpeg
https://images.pexels.com/photos/9302777/pexels-photo-9302777.jpeg?auto=compress&cs=tinysrgb&h=350,pexels-photo-9302777.jpeg
https://images.pexels.com/photos/27914827/pexels-photo-27914827.jpeg?auto=compress&cs=tinysrgb&h=350,pexels-photo-27914827.jpeg